factor_key,country_code,country_name,year,method,unit,value_kg_co2e_per_kwh,source_ref,status,notes
electricity_be_1990_lc,BE,Belgium,1990,CoM Table3 EU LC GHG,kg CO2e/kWh,0.471568443081213,totalCarbonfootprintcalculation/CoM-Emission-factors-for-national-electricity-2024.xlsx,grounded,Extracted from Table3_EU_LC year column 1990
electricity_be_1991_lc,BE,Belgium,1991,CoM Table3 EU LC GHG,kg CO2e/kWh,0.457397686564757,totalCarbonfootprintcalculation/CoM-Emission-factors-for-national-electricity-2024.xlsx,grounded,Extracted from Table3_EU_LC year column 1991
electricity_be_1992_lc,BE,Belgium,1992,CoM Table3 EU LC GHG,kg CO2e/kWh,0.4511909748316,totalCarbonfootprintcalculation/CoM-Emission-factors-for-national-electricity-2024.xlsx,grounded,Extracted from Table3_EU_LC year column 1992
electricity_be_1993_lc,BE,Belgium,1993,CoM Table3 EU LC GHG,kg CO2e/kWh,0.453326831584694,totalCarbonfootprintcalculation/CoM-Emission-factors-for-national-electricity-2024.xlsx,grounded,Extracted from Table3_EU_LC year column 1993
electricity_be_1994_lc,BE,Belgium,1994,CoM Table3 EU LC GHG,kg CO2e/kWh,0.475234250186601,totalCarbonfootprintcalculation/CoM-Emission-factors-for-national-electricity-2024.xlsx,grounded,Extracted from Table3_EU_LC year column 1994
electricity_be_1995_lc,BE,Belgium,1995,CoM Table3 EU LC GHG,kg CO2e/kWh,0.462116406881756,totalCarbonfootprintcalculation/CoM-Emission-factors-for-national-electricity-2024.xlsx,grounded,Extracted from Table3_EU_LC year column 1995
electricity_be_1996_lc,BE,Belgium,1996,CoM Table3 EU LC GHG,kg CO2e/kWh,0.442781234490191,totalCarbonfootprintcalculation/CoM-Emission-factors-for-national-electricity-2024.xlsx,grounded,Extracted from Table3_EU_LC year column 1996
electricity_be_1997_lc,BE,Belgium,1997,CoM Table3 EU LC GHG,kg CO2e/kWh,0.396771040639538,totalCarbonfootprintcalculation/CoM-Emission-factors-for-national-electricity-2024.xlsx,grounded,Extracted from Table3_EU_LC year column 1997
electricity_be_1998_lc,BE,Belgium,1998,CoM Table3 EU LC GHG,kg CO2e/kWh,0.421502739038122,totalCarbonfootprintcalculation/CoM-Emission-factors-for-national-electricity-2024.xlsx,grounded,Extracted from Table3_EU_LC year column 1998
electricity_be_1999_lc,BE,Belgium,1999,CoM Table3 EU LC GHG,kg CO2e/kWh,0.370806481503376,totalCarbonfootprintcalculation/CoM-Emission-factors-for-national-electricity-2024.xlsx,grounded,Extracted from Table3_EU_LC year column 1999
electricity_be_2000_lc,BE,Belgium,2000,CoM Table3 EU LC GHG,kg CO2e/kWh,0.366284073314356,totalCarbonfootprintcalculation/CoM-Emission-factors-for-national-electricity-2024.xlsx,grounded,Extracted from Table3_EU_LC year column 2000
electricity_be_2001_lc,BE,Belgium,2001,CoM Table3 EU LC GHG,kg CO2e/kWh,0.344562033794934,totalCarbonfootprintcalculation/CoM-Emission-factors-for-national-electricity-2024.xlsx,grounded,Extracted from Table3_EU_LC year column 2001
electricity_be_2002_lc,BE,Belgium,2002,CoM Table3 EU LC GHG,kg CO2e/kWh,0.340860191972119,totalCarbonfootprintcalculation/CoM-Emission-factors-for-national-electricity-2024.xlsx,grounded,Extracted from Table3_EU_LC year column 2002
electricity_be_2003_lc,BE,Belgium,2003,CoM Table3 EU LC GHG,kg CO2e/kWh,0.351606360680146,totalCarbonfootprintcalculation/CoM-Emission-factors-for-national-electricity-2024.xlsx,grounded,Extracted from Table3_EU_LC year column 2003
electricity_be_2004_lc,BE,Belgium,2004,CoM Table3 EU LC GHG,kg CO2e/kWh,0.357100903920462,totalCarbonfootprintcalculation/CoM-Emission-factors-for-national-electricity-2024.xlsx,grounded,Extracted from Table3_EU_LC year column 2004
electricity_be_2005_lc,BE,Belgium,2005,CoM Table3 EU LC GHG,kg CO2e/kWh,0.361474908325724,totalCarbonfootprintcalculation/CoM-Emission-factors-for-national-electricity-2024.xlsx,grounded,Extracted from Table3_EU_LC year column 2005
electricity_be_2006_lc,BE,Belgium,2006,CoM Table3 EU LC GHG,kg CO2e/kWh,0.350014057785292,totalCarbonfootprintcalculation/CoM-Emission-factors-for-national-electricity-2024.xlsx,grounded,Extracted from Table3_EU_LC year column 2006
electricity_be_2007_lc,BE,Belgium,2007,CoM Table3 EU LC GHG,kg CO2e/kWh,0.343846765906188,totalCarbonfootprintcalculation/CoM-Emission-factors-for-national-electricity-2024.xlsx,grounded,Extracted from Table3_EU_LC year column 2007
electricity_be_2008_lc,BE,Belgium,2008,CoM Table3 EU LC GHG,kg CO2e/kWh,0.344282733969093,totalCarbonfootprintcalculation/CoM-Emission-factors-for-national-electricity-2024.xlsx,grounded,Extracted from Table3_EU_LC year column 2008
electricity_be_2009_lc,BE,Belgium,2009,CoM Table3 EU LC GHG,kg CO2e/kWh,0.31773103425019,totalCarbonfootprintcalculation/CoM-Emission-factors-for-national-electricity-2024.xlsx,grounded,Extracted from Table3_EU_LC year column 2009
electricity_be_2010_lc,BE,Belgium,2010,CoM Table3 EU LC GHG,kg CO2e/kWh,0.313630857522349,totalCarbonfootprintcalculation/CoM-Emission-factors-for-national-electricity-2024.xlsx,grounded,Extracted from Table3_EU_LC year column 2010
electricity_be_2011_lc,BE,Belgium,2011,CoM Table3 EU LC GHG,kg CO2e/kWh,0.270779247822813,totalCarbonfootprintcalculation/CoM-Emission-factors-for-national-electricity-2024.xlsx,grounded,Extracted from Table3_EU_LC year column 2011
electricity_be_2012_lc,BE,Belgium,2012,CoM Table3 EU LC GHG,kg CO2e/kWh,0.292067994118333,totalCarbonfootprintcalculation/CoM-Emission-factors-for-national-electricity-2024.xlsx,grounded,Extracted from Table3_EU_LC year column 2012
electricity_be_2013_lc,BE,Belgium,2013,CoM Table3 EU LC GHG,kg CO2e/kWh,0.266779748828743,totalCarbonfootprintcalculation/CoM-Emission-factors-for-national-electricity-2024.xlsx,grounded,Extracted from Table3_EU_LC year column 2013
electricity_be_2014_lc,BE,Belgium,2014,CoM Table3 EU LC GHG,kg CO2e/kWh,0.279832490993641,totalCarbonfootprintcalculation/CoM-Emission-factors-for-national-electricity-2024.xlsx,grounded,Extracted from Table3_EU_LC year column 2014
electricity_be_2015_lc,BE,Belgium,2015,CoM Table3 EU LC GHG,kg CO2e/kWh,0.325177883119499,totalCarbonfootprintcalculation/CoM-Emission-factors-for-national-electricity-2024.xlsx,grounded,Extracted from Table3_EU_LC year column 2015
electricity_be_2016_lc,BE,Belgium,2016,CoM Table3 EU LC GHG,kg CO2e/kWh,0.259856848356181,totalCarbonfootprintcalculation/CoM-Emission-factors-for-national-electricity-2024.xlsx,grounded,Extracted from Table3_EU_LC year column 2016
electricity_be_2017_lc,BE,Belgium,2017,CoM Table3 EU LC GHG,kg CO2e/kWh,0.260562269801315,totalCarbonfootprintcalculation/CoM-Emission-factors-for-national-electricity-2024.xlsx,grounded,Extracted from Table3_EU_LC year column 2017
electricity_be_2018_lc,BE,Belgium,2018,CoM Table3 EU LC GHG,kg CO2e/kWh,0.27514705832542,totalCarbonfootprintcalculation/CoM-Emission-factors-for-national-electricity-2024.xlsx,grounded,Extracted from Table3_EU_LC year column 2018
electricity_be_2019_lc,BE,Belgium,2019,CoM Table3 EU LC GHG,kg CO2e/kWh,0.230388555151416,totalCarbonfootprintcalculation/CoM-Emission-factors-for-national-electricity-2024.xlsx,grounded,Extracted from Table3_EU_LC year column 2019
electricity_be_2020_lc,BE,Belgium,2020,CoM Table3 EU LC GHG,kg CO2e/kWh,0.237227716841247,totalCarbonfootprintcalculation/CoM-Emission-factors-for-national-electricity-2024.xlsx,grounded,Extracted from Table3_EU_LC year column 2020
electricity_be_2021_lc,BE,Belgium,2021,CoM Table3 EU LC GHG,kg CO2e/kWh,0.208454068688262,totalCarbonfootprintcalculation/CoM-Emission-factors-for-national-electricity-2024.xlsx,grounded,Extracted from Table3_EU_LC year column 2021
electricity_bg_1990_lc,BG,Bulgaria,1990,CoM Table3 EU LC GHG,kg CO2e/kWh,0.709482684155126,totalCarbonfootprintcalculation/CoM-Emission-factors-for-national-electricity-2024.xlsx,grounded,Extracted from Table3_EU_LC year column 1990
electricity_bg_1991_lc,BG,Bulgaria,1991,CoM Table3 EU LC GHG,kg CO2e/kWh,0.870796396813183,totalCarbonfootprintcalculation/CoM-Emission-factors-for-national-electricity-2024.xlsx,grounded,Extracted from Table3_EU_LC year column 1991
electricity_bg_1992_lc,BG,Bulgaria,1992,CoM Table3 EU LC GHG,kg CO2e/kWh,0.996256473016203,totalCarbonfootprintcalculation/CoM-Emission-factors-for-national-electricity-2024.xlsx,grounded,Extracted from Table3_EU_LC year column 1992
electricity_bg_1993_lc,BG,Bulgaria,1993,CoM Table3 EU LC GHG,kg CO2e/kWh,1.03981887330361,totalCarbonfootprintcalculation/CoM-Emission-factors-for-national-electricity-2024.xlsx,grounded,Extracted from Table3_EU_LC year column 1993
electricity_bg_1994_lc,BG,Bulgaria,1994,CoM Table3 EU LC GHG,kg CO2e/kWh,0.925587061073416,totalCarbonfootprintcalculation/CoM-Emission-factors-for-national-electricity-2024.xlsx,grounded,Extracted from Table3_EU_LC year column 1994
electricity_bg_1995_lc,BG,Bulgaria,1995,CoM Table3 EU LC GHG,kg CO2e/kWh,0.849287968102544,totalCarbonfootprintcalculation/CoM-Emission-factors-for-national-electricity-2024.xlsx,grounded,Extracted from Table3_EU_LC year column 1995
electricity_bg_1996_lc,BG,Bulgaria,1996,CoM Table3 EU LC GHG,kg CO2e/kWh,0.798533778382402,totalCarbonfootprintcalculation/CoM-Emission-factors-for-national-electricity-2024.xlsx,grounded,Extracted from Table3_EU_LC year column 1996
electricity_bg_1997_lc,BG,Bulgaria,1997,CoM Table3 EU LC GHG,kg CO2e/kWh,0.870412897833683,totalCarbonfootprintcalculation/CoM-Emission-factors-for-national-electricity-2024.xlsx,grounded,Extracted from Table3_EU_LC year column 1997
electricity_bg_1998_lc,BG,Bulgaria,1998,CoM Table3 EU LC GHG,kg CO2e/kWh,0.886031625184895,totalCarbonfootprintcalculation/CoM-Emission-factors-for-national-electricity-2024.xlsx,grounded,Extracted from Table3_EU_LC year column 1998
electricity_bg_1999_lc,BG,Bulgaria,1999,CoM Table3 EU LC GHG,kg CO2e/kWh,0.854197322066526,totalCarbonfootprintcalculation/CoM-Emission-factors-for-national-electricity-2024.xlsx,grounded,Extracted from Table3_EU_LC year column 1999
electricity_bg_2000_lc,BG,Bulgaria,2000,CoM Table3 EU LC GHG,kg CO2e/kWh,0.782081760269779,totalCarbonfootprintcalculation/CoM-Emission-factors-for-national-electricity-2024.xlsx,grounded,Extracted from Table3_EU_LC year column 2000
electricity_bg_2001_lc,BG,Bulgaria,2001,CoM Table3 EU LC GHG,kg CO2e/kWh,0.84697140936153,totalCarbonfootprintcalculation/CoM-Emission-factors-for-national-electricity-2024.xlsx,grounded,Extracted from Table3_EU_LC year column 2001
electricity_bg_2002_lc,BG,Bulgaria,2002,CoM Table3 EU LC GHG,kg CO2e/kWh,0.783677837291297,totalCarbonfootprintcalculation/CoM-Emission-factors-for-national-electricity-2024.xlsx,grounded,Extracted from Table3_EU_LC year column 2002
electricity_bg_2003_lc,BG,Bulgaria,2003,CoM Table3 EU LC GHG,kg CO2e/kWh,0.852431457185695,totalCarbonfootprintcalculation/CoM-Emission-factors-for-national-electricity-2024.xlsx,grounded,Extracted from Table3_EU_LC year column 2003
electricity_bg_2004_lc,BG,Bulgaria,2004,CoM Table3 EU LC GHG,kg CO2e/kWh,0.822141851186684,totalCarbonfootprintcalculation/CoM-Emission-factors-for-national-electricity-2024.xlsx,grounded,Extracted from Table3_EU_LC year column 2004
electricity_bg_2005_lc,BG,Bulgaria,2005,CoM Table3 EU LC GHG,kg CO2e/kWh,0.773549968720704,totalCarbonfootprintcalculation/CoM-Emission-factors-for-national-electricity-2024.xlsx,grounded,Extracted from Table3_EU_LC year column 2005
electricity_bg_2006_lc,BG,Bulgaria,2006,CoM Table3 EU LC GHG,kg CO2e/kWh,0.752537647978718,totalCarbonfootprintcalculation/CoM-Emission-factors-for-national-electricity-2024.xlsx,grounded,Extracted from Table3_EU_LC year column 2006
electricity_bg_2007_lc,BG,Bulgaria,2007,CoM Table3 EU LC GHG,kg CO2e/kWh,0.914444786862573,totalCarbonfootprintcalculation/CoM-Emission-factors-for-national-electricity-2024.xlsx,grounded,Extracted from Table3_EU_LC year column 2007
electricity_bg_2008_lc,BG,Bulgaria,2008,CoM Table3 EU LC GHG,kg CO2e/kWh,0.832941645902795,totalCarbonfootprintcalculation/CoM-Emission-factors-for-national-electricity-2024.xlsx,grounded,Extracted from Table3_EU_LC year column 2008
electricity_bg_2009_lc,BG,Bulgaria,2009,CoM Table3 EU LC GHG,kg CO2e/kWh,0.798753824788141,totalCarbonfootprintcalculation/CoM-Emission-factors-for-national-electricity-2024.xlsx,grounded,Extracted from Table3_EU_LC year column 2009
electricity_bg_2010_lc,BG,Bulgaria,2010,CoM Table3 EU LC GHG,kg CO2e/kWh,0.800622145111592,totalCarbonfootprintcalculation/CoM-Emission-factors-for-national-electricity-2024.xlsx,grounded,Extracted from Table3_EU_LC year column 2010
electricity_bg_2011_lc,BG,Bulgaria,2011,CoM Table3 EU LC GHG,kg CO2e/kWh,0.869409797487394,totalCarbonfootprintcalculation/CoM-Emission-factors-for-national-electricity-2024.xlsx,grounded,Extracted from Table3_EU_LC year column 2011
electricity_bg_2012_lc,BG,Bulgaria,2012,CoM Table3 EU LC GHG,kg CO2e/kWh,0.779630233502461,totalCarbonfootprintcalculation/CoM-Emission-factors-for-national-electricity-2024.xlsx,grounded,Extracted from Table3_EU_LC year column 2012
electricity_bg_2013_lc,BG,Bulgaria,2013,CoM Table3 EU LC GHG,kg CO2e/kWh,0.698336359757824,totalCarbonfootprintcalculation/CoM-Emission-factors-for-national-electricity-2024.xlsx,grounded,Extracted from Table3_EU_LC year column 2013
electricity_bg_2014_lc,BG,Bulgaria,2014,CoM Table3 EU LC GHG,kg CO2e/kWh,0.678918027252374,totalCarbonfootprintcalculation/CoM-Emission-factors-for-national-electricity-2024.xlsx,grounded,Extracted from Table3_EU_LC year column 2014
electricity_bg_2015_lc,BG,Bulgaria,2015,CoM Table3 EU LC GHG,kg CO2e/kWh,0.68111271130852,totalCarbonfootprintcalculation/CoM-Emission-factors-for-national-electricity-2024.xlsx,grounded,Extracted from Table3_EU_LC year column 2015
electricity_bg_2016_lc,BG,Bulgaria,2016,CoM Table3 EU LC GHG,kg CO2e/kWh,0.64238966928762,totalCarbonfootprintcalculation/CoM-Emission-factors-for-national-electricity-2024.xlsx,grounded,Extracted from Table3_EU_LC year column 2016
electricity_bg_2017_lc,BG,Bulgaria,2017,CoM Table3 EU LC GHG,kg CO2e/kWh,0.690866082545576,totalCarbonfootprintcalculation/CoM-Emission-factors-for-national-electricity-2024.xlsx,grounded,Extracted from Table3_EU_LC year column 2017
electricity_bg_2018_lc,BG,Bulgaria,2018,CoM Table3 EU LC GHG,kg CO2e/kWh,0.598875547025079,totalCarbonfootprintcalculation/CoM-Emission-factors-for-national-electricity-2024.xlsx,grounded,Extracted from Table3_EU_LC year column 2018
electricity_bg_2019_lc,BG,Bulgaria,2019,CoM Table3 EU LC GHG,kg CO2e/kWh,0.573845753702202,totalCarbonfootprintcalculation/CoM-Emission-factors-for-national-electricity-2024.xlsx,grounded,Extracted from Table3_EU_LC year column 2019
electricity_bg_2020_lc,BG,Bulgaria,2020,CoM Table3 EU LC GHG,kg CO2e/kWh,0.508321199117637,totalCarbonfootprintcalculation/CoM-Emission-factors-for-national-electricity-2024.xlsx,grounded,Extracted from Table3_EU_LC year column 2020
electricity_bg_2021_lc,BG,Bulgaria,2021,CoM Table3 EU LC GHG,kg CO2e/kWh,0.540301062889025,totalCarbonfootprintcalculation/CoM-Emission-factors-for-national-electricity-2024.xlsx,grounded,Extracted from Table3_EU_LC year column 2021
electricity_cz_1990_lc,CZ,Czechia,1990,CoM Table3 EU LC GHG,kg CO2e/kWh,1.12032804632084,totalCarbonfootprintcalculation/CoM-Emission-factors-for-national-electricity-2024.xlsx,grounded,Extracted from Table3_EU_LC year column 1990
electricity_cz_1991_lc,CZ,Czechia,1991,CoM Table3 EU LC GHG,kg CO2e/kWh,1.12526513439553,totalCarbonfootprintcalculation/CoM-Emission-factors-for-national-electricity-2024.xlsx,grounded,Extracted from Table3_EU_LC year column 1991
electricity_cz_1992_lc,CZ,Czechia,1992,CoM Table3 EU LC GHG,kg CO2e/kWh,1.11203397153521,totalCarbonfootprintcalculation/CoM-Emission-factors-for-national-electricity-2024.xlsx,grounded,Extracted from Table3_EU_LC year column 1992
electricity_cz_1993_lc,CZ,Czechia,1993,CoM Table3 EU LC GHG,kg CO2e/kWh,1.12366586189676,totalCarbonfootprintcalculation/CoM-Emission-factors-for-national-electricity-2024.xlsx,grounded,Extracted from Table3_EU_LC year column 1993
electricity_cz_1994_lc,CZ,Czechia,1994,CoM Table3 EU LC GHG,kg CO2e/kWh,1.10505671480468,totalCarbonfootprintcalculation/CoM-Emission-factors-for-national-electricity-2024.xlsx,grounded,Extracted from Table3_EU_LC year column 1994
electricity_cz_1995_lc,CZ,Czechia,1995,CoM Table3 EU LC GHG,kg CO2e/kWh,1.09528718747872,totalCarbonfootprintcalculation/CoM-Emission-factors-for-national-electricity-2024.xlsx,grounded,Extracted from Table3_EU_LC year column 1995
electricity_cz_1996_lc,CZ,Czechia,1996,CoM Table3 EU LC GHG,kg CO2e/kWh,1.10838232830284,totalCarbonfootprintcalculation/CoM-Emission-factors-for-national-electricity-2024.xlsx,grounded,Extracted from Table3_EU_LC year column 1996
electricity_cz_1997_lc,CZ,Czechia,1997,CoM Table3 EU LC GHG,kg CO2e/kWh,1.04223173617373,totalCarbonfootprintcalculation/CoM-Emission-factors-for-national-electricity-2024.xlsx,grounded,Extracted from Table3_EU_LC year column 1997
electricity_cz_1998_lc,CZ,Czechia,1998,CoM Table3 EU LC GHG,kg CO2e/kWh,1.03919842188365,totalCarbonfootprintcalculation/CoM-Emission-factors-for-national-electricity-2024.xlsx,grounded,Extracted from Table3_EU_LC year column 1998
electricity_cz_1999_lc,CZ,Czechia,1999,CoM Table3 EU LC GHG,kg CO2e/kWh,0.981999400240786,totalCarbonfootprintcalculation/CoM-Emission-factors-for-national-electricity-2024.xlsx,grounded,Extracted from Table3_EU_LC year column 1999
electricity_cz_2000_lc,CZ,Czechia,2000,CoM Table3 EU LC GHG,kg CO2e/kWh,0.985602767025493,totalCarbonfootprintcalculation/CoM-Emission-factors-for-national-electricity-2024.xlsx,grounded,Extracted from Table3_EU_LC year column 2000
electricity_cz_2001_lc,CZ,Czechia,2001,CoM Table3 EU LC GHG,kg CO2e/kWh,0.985492106553558,totalCarbonfootprintcalculation/CoM-Emission-factors-for-national-electricity-2024.xlsx,grounded,Extracted from Table3_EU_LC year column 2001
electricity_cz_2002_lc,CZ,Czechia,2002,CoM Table3 EU LC GHG,kg CO2e/kWh,0.954692660809299,totalCarbonfootprintcalculation/CoM-Emission-factors-for-national-electricity-2024.xlsx,grounded,Extracted from Table3_EU_LC year column 2002
electricity_cz_2003_lc,CZ,Czechia,2003,CoM Table3 EU LC GHG,kg CO2e/kWh,0.887483251084858,totalCarbonfootprintcalculation/CoM-Emission-factors-for-national-electricity-2024.xlsx,grounded,Extracted from Table3_EU_LC year column 2003
electricity_cz_2004_lc,CZ,Czechia,2004,CoM Table3 EU LC GHG,kg CO2e/kWh,0.90381292804762,totalCarbonfootprintcalculation/CoM-Emission-factors-for-national-electricity-2024.xlsx,grounded,Extracted from Table3_EU_LC year column 2004
electricity_cz_2005_lc,CZ,Czechia,2005,CoM Table3 EU LC GHG,kg CO2e/kWh,0.927954066193734,totalCarbonfootprintcalculation/CoM-Emission-factors-for-national-electricity-2024.xlsx,grounded,Extracted from Table3_EU_LC year column 2005
electricity_cz_2006_lc,CZ,Czechia,2006,CoM Table3 EU LC GHG,kg CO2e/kWh,0.920343397209159,totalCarbonfootprintcalculation/CoM-Emission-factors-for-national-electricity-2024.xlsx,grounded,Extracted from Table3_EU_LC year column 2006
electricity_cz_2007_lc,CZ,Czechia,2007,CoM Table3 EU LC GHG,kg CO2e/kWh,0.92459542831158,totalCarbonfootprintcalculation/CoM-Emission-factors-for-national-electricity-2024.xlsx,grounded,Extracted from Table3_EU_LC year column 2007
electricity_cz_2008_lc,CZ,Czechia,2008,CoM Table3 EU LC GHG,kg CO2e/kWh,0.884348013351464,totalCarbonfootprintcalculation/CoM-Emission-factors-for-national-electricity-2024.xlsx,grounded,Extracted from Table3_EU_LC year column 2008
electricity_cz_2009_lc,CZ,Czechia,2009,CoM Table3 EU LC GHG,kg CO2e/kWh,0.845860208704737,totalCarbonfootprintcalculation/CoM-Emission-factors-for-national-electricity-2024.xlsx,grounded,Extracted from Table3_EU_LC year column 2009
electricity_cz_2010_lc,CZ,Czechia,2010,CoM Table3 EU LC GHG,kg CO2e/kWh,0.837234108494308,totalCarbonfootprintcalculation/CoM-Emission-factors-for-national-electricity-2024.xlsx,grounded,Extracted from Table3_EU_LC year column 2010
electricity_cz_2011_lc,CZ,Czechia,2011,CoM Table3 EU LC GHG,kg CO2e/kWh,0.835092363476029,totalCarbonfootprintcalculation/CoM-Emission-factors-for-national-electricity-2024.xlsx,grounded,Extracted from Table3_EU_LC year column 2011
electricity_cz_2012_lc,CZ,Czechia,2012,CoM Table3 EU LC GHG,kg CO2e/kWh,0.792978581679801,totalCarbonfootprintcalculation/CoM-Emission-factors-for-national-electricity-2024.xlsx,grounded,Extracted from Table3_EU_LC year column 2012
electricity_cz_2013_lc,CZ,Czechia,2013,CoM Table3 EU LC GHG,kg CO2e/kWh,0.759182344983848,totalCarbonfootprintcalculation/CoM-Emission-factors-for-national-electricity-2024.xlsx,grounded,Extracted from Table3_EU_LC year column 2013
electricity_cz_2014_lc,CZ,Czechia,2014,CoM Table3 EU LC GHG,kg CO2e/kWh,0.754351936168159,totalCarbonfootprintcalculation/CoM-Emission-factors-for-national-electricity-2024.xlsx,grounded,Extracted from Table3_EU_LC year column 2014
electricity_cz_2015_lc,CZ,Czechia,2015,CoM Table3 EU LC GHG,kg CO2e/kWh,0.773936250977492,totalCarbonfootprintcalculation/CoM-Emission-factors-for-national-electricity-2024.xlsx,grounded,Extracted from Table3_EU_LC year column 2015
electricity_cz_2016_lc,CZ,Czechia,2016,CoM Table3 EU LC GHG,kg CO2e/kWh,0.764080814851862,totalCarbonfootprintcalculation/CoM-Emission-factors-for-national-electricity-2024.xlsx,grounded,Extracted from Table3_EU_LC year column 2016
electricity_cz_2017_lc,CZ,Czechia,2017,CoM Table3 EU LC GHG,kg CO2e/kWh,0.708681607898377,totalCarbonfootprintcalculation/CoM-Emission-factors-for-national-electricity-2024.xlsx,grounded,Extracted from Table3_EU_LC year column 2017
electricity_cz_2018_lc,CZ,Czechia,2018,CoM Table3 EU LC GHG,kg CO2e/kWh,0.680326061435447,totalCarbonfootprintcalculation/CoM-Emission-factors-for-national-electricity-2024.xlsx,grounded,Extracted from Table3_EU_LC year column 2018
electricity_cz_2019_lc,CZ,Czechia,2019,CoM Table3 EU LC GHG,kg CO2e/kWh,0.624089843691911,totalCarbonfootprintcalculation/CoM-Emission-factors-for-national-electricity-2024.xlsx,grounded,Extracted from Table3_EU_LC year column 2019
electricity_cz_2020_lc,CZ,Czechia,2020,CoM Table3 EU LC GHG,kg CO2e/kWh,0.557959901678132,totalCarbonfootprintcalculation/CoM-Emission-factors-for-national-electricity-2024.xlsx,grounded,Extracted from Table3_EU_LC year column 2020
electricity_cz_2021_lc,CZ,Czechia,2021,CoM Table3 EU LC GHG,kg CO2e/kWh,0.58970226381357,totalCarbonfootprintcalculation/CoM-Emission-factors-for-national-electricity-2024.xlsx,grounded,Extracted from Table3_EU_LC year column 2021
electricity_dk_1990_lc,DK,Denmark,1990,CoM Table3 EU LC GHG,kg CO2e/kWh,0.589002812475672,totalCarbonfootprintcalculation/CoM-Emission-factors-for-national-electricity-2024.xlsx,grounded,Extracted from Table3_EU_LC year column 1990
electricity_dk_1991_lc,DK,Denmark,1991,CoM Table3 EU LC GHG,kg CO2e/kWh,0.870235556007075,totalCarbonfootprintcalculation/CoM-Emission-factors-for-national-electricity-2024.xlsx,grounded,Extracted from Table3_EU_LC year column 1991
electricity_dk_1992_lc,DK,Denmark,1992,CoM Table3 EU LC GHG,kg CO2e/kWh,0.675404967995311,totalCarbonfootprintcalculation/CoM-Emission-factors-for-national-electricity-2024.xlsx,grounded,Extracted from Table3_EU_LC year column 1992
electricity_dk_1993_lc,DK,Denmark,1993,CoM Table3 EU LC GHG,kg CO2e/kWh,0.703406455288927,totalCarbonfootprintcalculation/CoM-Emission-factors-for-national-electricity-2024.xlsx,grounded,Extracted from Table3_EU_LC year column 1993
electricity_dk_1994_lc,DK,Denmark,1994,CoM Table3 EU LC GHG,kg CO2e/kWh,0.808170553857611,totalCarbonfootprintcalculation/CoM-Emission-factors-for-national-electricity-2024.xlsx,grounded,Extracted from Table3_EU_LC year column 1994
electricity_dk_1995_lc,DK,Denmark,1995,CoM Table3 EU LC GHG,kg CO2e/kWh,0.730010970434549,totalCarbonfootprintcalculation/CoM-Emission-factors-for-national-electricity-2024.xlsx,grounded,Extracted from Table3_EU_LC year column 1995
electricity_dk_1996_lc,DK,Denmark,1996,CoM Table3 EU LC GHG,kg CO2e/kWh,0.830466314580286,totalCarbonfootprintcalculation/CoM-Emission-factors-for-national-electricity-2024.xlsx,grounded,Extracted from Table3_EU_LC year column 1996
electricity_dk_1997_lc,DK,Denmark,1997,CoM Table3 EU LC GHG,kg CO2e/kWh,0.72204578166332,totalCarbonfootprintcalculation/CoM-Emission-factors-for-national-electricity-2024.xlsx,grounded,Extracted from Table3_EU_LC year column 1997
electricity_dk_1998_lc,DK,Denmark,1998,CoM Table3 EU LC GHG,kg CO2e/kWh,0.665111702954744,totalCarbonfootprintcalculation/CoM-Emission-factors-for-national-electricity-2024.xlsx,grounded,Extracted from Table3_EU_LC year column 1998
electricity_dk_1999_lc,DK,Denmark,1999,CoM Table3 EU LC GHG,kg CO2e/kWh,0.592698472530698,totalCarbonfootprintcalculation/CoM-Emission-factors-for-national-electricity-2024.xlsx,grounded,Extracted from Table3_EU_LC year column 1999
electricity_dk_2000_lc,DK,Denmark,2000,CoM Table3 EU LC GHG,kg CO2e/kWh,0.493902259824928,totalCarbonfootprintcalculation/CoM-Emission-factors-for-national-electricity-2024.xlsx,grounded,Extracted from Table3_EU_LC year column 2000
electricity_dk_2001_lc,DK,Denmark,2001,CoM Table3 EU LC GHG,kg CO2e/kWh,0.545896011145715,totalCarbonfootprintcalculation/CoM-Emission-factors-for-national-electricity-2024.xlsx,grounded,Extracted from Table3_EU_LC year column 2001
electricity_dk_2002_lc,DK,Denmark,2002,CoM Table3 EU LC GHG,kg CO2e/kWh,0.511132764913759,totalCarbonfootprintcalculation/CoM-Emission-factors-for-national-electricity-2024.xlsx,grounded,Extracted from Table3_EU_LC year column 2002
electricity_dk_2003_lc,DK,Denmark,2003,CoM Table3 EU LC GHG,kg CO2e/kWh,0.602939898816458,totalCarbonfootprintcalculation/CoM-Emission-factors-for-national-electricity-2024.xlsx,grounded,Extracted from Table3_EU_LC year column 2003
electricity_dk_2004_lc,DK,Denmark,2004,CoM Table3 EU LC GHG,kg CO2e/kWh,0.466033783753788,totalCarbonfootprintcalculation/CoM-Emission-factors-for-national-electricity-2024.xlsx,grounded,Extracted from Table3_EU_LC year column 2004
electricity_dk_2005_lc,DK,Denmark,2005,CoM Table3 EU LC GHG,kg CO2e/kWh,0.326582718699722,totalCarbonfootprintcalculation/CoM-Emission-factors-for-national-electricity-2024.xlsx,grounded,Extracted from Table3_EU_LC year column 2005
electricity_dk_2006_lc,DK,Denmark,2006,CoM Table3 EU LC GHG,kg CO2e/kWh,0.5583339444704,totalCarbonfootprintcalculation/CoM-Emission-factors-for-national-electricity-2024.xlsx,grounded,Extracted from Table3_EU_LC year column 2006
electricity_dk_2007_lc,DK,Denmark,2007,CoM Table3 EU LC GHG,kg CO2e/kWh,0.430632802051886,totalCarbonfootprintcalculation/CoM-Emission-factors-for-national-electricity-2024.xlsx,grounded,Extracted from Table3_EU_LC year column 2007
electricity_dk_2008_lc,DK,Denmark,2008,CoM Table3 EU LC GHG,kg CO2e/kWh,0.371471562839222,totalCarbonfootprintcalculation/CoM-Emission-factors-for-national-electricity-2024.xlsx,grounded,Extracted from Table3_EU_LC year column 2008
electricity_dk_2009_lc,DK,Denmark,2009,CoM Table3 EU LC GHG,kg CO2e/kWh,0.431640716540645,totalCarbonfootprintcalculation/CoM-Emission-factors-for-national-electricity-2024.xlsx,grounded,Extracted from Table3_EU_LC year column 2009
electricity_dk_2010_lc,DK,Denmark,2010,CoM Table3 EU LC GHG,kg CO2e/kWh,0.445759283165861,totalCarbonfootprintcalculation/CoM-Emission-factors-for-national-electricity-2024.xlsx,grounded,Extracted from Table3_EU_LC year column 2010
electricity_dk_2011_lc,DK,Denmark,2011,CoM Table3 EU LC GHG,kg CO2e/kWh,0.328642801298449,totalCarbonfootprintcalculation/CoM-Emission-factors-for-national-electricity-2024.xlsx,grounded,Extracted from Table3_EU_LC year column 2011
electricity_dk_2012_lc,DK,Denmark,2012,CoM Table3 EU LC GHG,kg CO2e/kWh,0.216756795789624,totalCarbonfootprintcalculation/CoM-Emission-factors-for-national-electricity-2024.xlsx,grounded,Extracted from Table3_EU_LC year column 2012
electricity_dk_2013_lc,DK,Denmark,2013,CoM Table3 EU LC GHG,kg CO2e/kWh,0.355187729723111,totalCarbonfootprintcalculation/CoM-Emission-factors-for-national-electricity-2024.xlsx,grounded,Extracted from Table3_EU_LC year column 2013
electricity_dk_2014_lc,DK,Denmark,2014,CoM Table3 EU LC GHG,kg CO2e/kWh,0.26722553726119,totalCarbonfootprintcalculation/CoM-Emission-factors-for-national-electricity-2024.xlsx,grounded,Extracted from Table3_EU_LC year column 2014
electricity_dk_2015_lc,DK,Denmark,2015,CoM Table3 EU LC GHG,kg CO2e/kWh,0.170801094480563,totalCarbonfootprintcalculation/CoM-Emission-factors-for-national-electricity-2024.xlsx,grounded,Extracted from Table3_EU_LC year column 2015
electricity_dk_2016_lc,DK,Denmark,2016,CoM Table3 EU LC GHG,kg CO2e/kWh,0.236803364632996,totalCarbonfootprintcalculation/CoM-Emission-factors-for-national-electricity-2024.xlsx,grounded,Extracted from Table3_EU_LC year column 2016
electricity_dk_2017_lc,DK,Denmark,2017,CoM Table3 EU LC GHG,kg CO2e/kWh,0.176299793109948,totalCarbonfootprintcalculation/CoM-Emission-factors-for-national-electricity-2024.xlsx,grounded,Extracted from Table3_EU_LC year column 2017
electricity_dk_2018_lc,DK,Denmark,2018,CoM Table3 EU LC GHG,kg CO2e/kWh,0.205798265484046,totalCarbonfootprintcalculation/CoM-Emission-factors-for-national-electricity-2024.xlsx,grounded,Extracted from Table3_EU_LC year column 2018
electricity_dk_2019_lc,DK,Denmark,2019,CoM Table3 EU LC GHG,kg CO2e/kWh,0.170596875513752,totalCarbonfootprintcalculation/CoM-Emission-factors-for-national-electricity-2024.xlsx,grounded,Extracted from Table3_EU_LC year column 2019
electricity_dk_2020_lc,DK,Denmark,2020,CoM Table3 EU LC GHG,kg CO2e/kWh,0.118224712254275,totalCarbonfootprintcalculation/CoM-Emission-factors-for-national-electricity-2024.xlsx,grounded,Extracted from Table3_EU_LC year column 2020
electricity_dk_2021_lc,DK,Denmark,2021,CoM Table3 EU LC GHG,kg CO2e/kWh,0.137898572117357,totalCarbonfootprintcalculation/CoM-Emission-factors-for-national-electricity-2024.xlsx,grounded,Extracted from Table3_EU_LC year column 2021
electricity_de_1990_lc,DE,Germany,1990,CoM Table3 EU LC GHG,kg CO2e/kWh,0.814236845431958,totalCarbonfootprintcalculation/CoM-Emission-factors-for-national-electricity-2024.xlsx,grounded,Extracted from Table3_EU_LC year column 1990
electricity_de_1991_lc,DE,Germany,1991,CoM Table3 EU LC GHG,kg CO2e/kWh,0.813285984382624,totalCarbonfootprintcalculation/CoM-Emission-factors-for-national-electricity-2024.xlsx,grounded,Extracted from Table3_EU_LC year column 1991
electricity_de_1992_lc,DE,Germany,1992,CoM Table3 EU LC GHG,kg CO2e/kWh,0.769331118589218,totalCarbonfootprintcalculation/CoM-Emission-factors-for-national-electricity-2024.xlsx,grounded,Extracted from Table3_EU_LC year column 1992
electricity_de_1993_lc,DE,Germany,1993,CoM Table3 EU LC GHG,kg CO2e/kWh,0.763912274084727,totalCarbonfootprintcalculation/CoM-Emission-factors-for-national-electricity-2024.xlsx,grounded,Extracted from Table3_EU_LC year column 1993
electricity_de_1994_lc,DE,Germany,1994,CoM Table3 EU LC GHG,kg CO2e/kWh,0.766670736951674,totalCarbonfootprintcalculation/CoM-Emission-factors-for-national-electricity-2024.xlsx,grounded,Extracted from Table3_EU_LC year column 1994
electricity_de_1995_lc,DE,Germany,1995,CoM Table3 EU LC GHG,kg CO2e/kWh,0.746488544149014,totalCarbonfootprintcalculation/CoM-Emission-factors-for-national-electricity-2024.xlsx,grounded,Extracted from Table3_EU_LC year column 1995
electricity_de_1996_lc,DE,Germany,1996,CoM Table3 EU LC GHG,kg CO2e/kWh,0.738005151718741,totalCarbonfootprintcalculation/CoM-Emission-factors-for-national-electricity-2024.xlsx,grounded,Extracted from Table3_EU_LC year column 1996
electricity_de_1997_lc,DE,Germany,1997,CoM Table3 EU LC GHG,kg CO2e/kWh,0.713602301553446,totalCarbonfootprintcalculation/CoM-Emission-factors-for-national-electricity-2024.xlsx,grounded,Extracted from Table3_EU_LC year column 1997
electricity_de_1998_lc,DE,Germany,1998,CoM Table3 EU LC GHG,kg CO2e/kWh,0.709464888567844,totalCarbonfootprintcalculation/CoM-Emission-factors-for-national-electricity-2024.xlsx,grounded,Extracted from Table3_EU_LC year column 1998
electricity_de_1999_lc,DE,Germany,1999,CoM Table3 EU LC GHG,kg CO2e/kWh,0.674113746560407,totalCarbonfootprintcalculation/CoM-Emission-factors-for-national-electricity-2024.xlsx,grounded,Extracted from Table3_EU_LC year column 1999
electricity_de_2000_lc,DE,Germany,2000,CoM Table3 EU LC GHG,kg CO2e/kWh,0.675881200159164,totalCarbonfootprintcalculation/CoM-Emission-factors-for-national-electricity-2024.xlsx,grounded,Extracted from Table3_EU_LC year column 2000
electricity_de_2001_lc,DE,Germany,2001,CoM Table3 EU LC GHG,kg CO2e/kWh,0.693173407332131,totalCarbonfootprintcalculation/CoM-Emission-factors-for-national-electricity-2024.xlsx,grounded,Extracted from Table3_EU_LC year column 2001
electricity_de_2002_lc,DE,Germany,2002,CoM Table3 EU LC GHG,kg CO2e/kWh,0.679633179721174,totalCarbonfootprintcalculation/CoM-Emission-factors-for-national-electricity-2024.xlsx,grounded,Extracted from Table3_EU_LC year column 2002
electricity_de_2003_lc,DE,Germany,2003,CoM Table3 EU LC GHG,kg CO2e/kWh,0.647419590061328,totalCarbonfootprintcalculation/CoM-Emission-factors-for-national-electricity-2024.xlsx,grounded,Extracted from Table3_EU_LC year column 2003
electricity_de_2004_lc,DE,Germany,2004,CoM Table3 EU LC GHG,kg CO2e/kWh,0.635385647889341,totalCarbonfootprintcalculation/CoM-Emission-factors-for-national-electricity-2024.xlsx,grounded,Extracted from Table3_EU_LC year column 2004
electricity_de_2005_lc,DE,Germany,2005,CoM Table3 EU LC GHG,kg CO2e/kWh,0.627371697745259,totalCarbonfootprintcalculation/CoM-Emission-factors-for-national-electricity-2024.xlsx,grounded,Extracted from Table3_EU_LC year column 2005
electricity_de_2006_lc,DE,Germany,2006,CoM Table3 EU LC GHG,kg CO2e/kWh,0.626426258480671,totalCarbonfootprintcalculation/CoM-Emission-factors-for-national-electricity-2024.xlsx,grounded,Extracted from Table3_EU_LC year column 2006
electricity_de_2007_lc,DE,Germany,2007,CoM Table3 EU LC GHG,kg CO2e/kWh,0.652556828005003,totalCarbonfootprintcalculation/CoM-Emission-factors-for-national-electricity-2024.xlsx,grounded,Extracted from Table3_EU_LC year column 2007
electricity_de_2008_lc,DE,Germany,2008,CoM Table3 EU LC GHG,kg CO2e/kWh,0.615108756842569,totalCarbonfootprintcalculation/CoM-Emission-factors-for-national-electricity-2024.xlsx,grounded,Extracted from Table3_EU_LC year column 2008
electricity_de_2009_lc,DE,Germany,2009,CoM Table3 EU LC GHG,kg CO2e/kWh,0.603659711882881,totalCarbonfootprintcalculation/CoM-Emission-factors-for-national-electricity-2024.xlsx,grounded,Extracted from Table3_EU_LC year column 2009
electricity_de_2010_lc,DE,Germany,2010,CoM Table3 EU LC GHG,kg CO2e/kWh,0.589685252063135,totalCarbonfootprintcalculation/CoM-Emission-factors-for-national-electricity-2024.xlsx,grounded,Extracted from Table3_EU_LC year column 2010
electricity_de_2011_lc,DE,Germany,2011,CoM Table3 EU LC GHG,kg CO2e/kWh,0.592078243510642,totalCarbonfootprintcalculation/CoM-Emission-factors-for-national-electricity-2024.xlsx,grounded,Extracted from Table3_EU_LC year column 2011
electricity_de_2012_lc,DE,Germany,2012,CoM Table3 EU LC GHG,kg CO2e/kWh,0.605799355986023,totalCarbonfootprintcalculation/CoM-Emission-factors-for-national-electricity-2024.xlsx,grounded,Extracted from Table3_EU_LC year column 2012
electricity_de_2013_lc,DE,Germany,2013,CoM Table3 EU LC GHG,kg CO2e/kWh,0.610611822749524,totalCarbonfootprintcalculation/CoM-Emission-factors-for-national-electricity-2024.xlsx,grounded,Extracted from Table3_EU_LC year column 2013
electricity_de_2014_lc,DE,Germany,2014,CoM Table3 EU LC GHG,kg CO2e/kWh,0.588341995180052,totalCarbonfootprintcalculation/CoM-Emission-factors-for-national-electricity-2024.xlsx,grounded,Extracted from Table3_EU_LC year column 2014
electricity_de_2015_lc,DE,Germany,2015,CoM Table3 EU LC GHG,kg CO2e/kWh,0.567271019509696,totalCarbonfootprintcalculation/CoM-Emission-factors-for-national-electricity-2024.xlsx,grounded,Extracted from Table3_EU_LC year column 2015
electricity_de_2016_lc,DE,Germany,2016,CoM Table3 EU LC GHG,kg CO2e/kWh,0.57029443117711,totalCarbonfootprintcalculation/CoM-Emission-factors-for-national-electricity-2024.xlsx,grounded,Extracted from Table3_EU_LC year column 2016
electricity_de_2017_lc,DE,Germany,2017,CoM Table3 EU LC GHG,kg CO2e/kWh,0.532472784087645,totalCarbonfootprintcalculation/CoM-Emission-factors-for-national-electricity-2024.xlsx,grounded,Extracted from Table3_EU_LC year column 2017
electricity_de_2018_lc,DE,Germany,2018,CoM Table3 EU LC GHG,kg CO2e/kWh,0.509870852663612,totalCarbonfootprintcalculation/CoM-Emission-factors-for-national-electricity-2024.xlsx,grounded,Extracted from Table3_EU_LC year column 2018
electricity_de_2019_lc,DE,Germany,2019,CoM Table3 EU LC GHG,kg CO2e/kWh,0.441606336190274,totalCarbonfootprintcalculation/CoM-Emission-factors-for-national-electricity-2024.xlsx,grounded,Extracted from Table3_EU_LC year column 2019
electricity_de_2020_lc,DE,Germany,2020,CoM Table3 EU LC GHG,kg CO2e/kWh,0.399833343824125,totalCarbonfootprintcalculation/CoM-Emission-factors-for-national-electricity-2024.xlsx,grounded,Extracted from Table3_EU_LC year column 2020
electricity_de_2021_lc,DE,Germany,2021,CoM Table3 EU LC GHG,kg CO2e/kWh,0.438488002495411,totalCarbonfootprintcalculation/CoM-Emission-factors-for-national-electricity-2024.xlsx,grounded,Extracted from Table3_EU_LC year column 2021
electricity_ee_1990_lc,EE,Estonia,1990,CoM Table3 EU LC GHG,kg CO2e/kWh,1.84987082760109,totalCarbonfootprintcalculation/CoM-Emission-factors-for-national-electricity-2024.xlsx,grounded,Extracted from Table3_EU_LC year column 1990
electricity_ee_1991_lc,EE,Estonia,1991,CoM Table3 EU LC GHG,kg CO2e/kWh,1.64208691860908,totalCarbonfootprintcalculation/CoM-Emission-factors-for-national-electricity-2024.xlsx,grounded,Extracted from Table3_EU_LC year column 1991
electricity_ee_1992_lc,EE,Estonia,1992,CoM Table3 EU LC GHG,kg CO2e/kWh,2.03429812015012,totalCarbonfootprintcalculation/CoM-Emission-factors-for-national-electricity-2024.xlsx,grounded,Extracted from Table3_EU_LC year column 1992
electricity_ee_1993_lc,EE,Estonia,1993,CoM Table3 EU LC GHG,kg CO2e/kWh,2.23054863228746,totalCarbonfootprintcalculation/CoM-Emission-factors-for-national-electricity-2024.xlsx,grounded,Extracted from Table3_EU_LC year column 1993
electricity_ee_1994_lc,EE,Estonia,1994,CoM Table3 EU LC GHG,kg CO2e/kWh,2.6784853262566,totalCarbonfootprintcalculation/CoM-Emission-factors-for-national-electricity-2024.xlsx,grounded,Extracted from Table3_EU_LC year column 1994
electricity_ee_1995_lc,EE,Estonia,1995,CoM Table3 EU LC GHG,kg CO2e/kWh,2.88947358596314,totalCarbonfootprintcalculation/CoM-Emission-factors-for-national-electricity-2024.xlsx,grounded,Extracted from Table3_EU_LC year column 1995
electricity_ee_1996_lc,EE,Estonia,1996,CoM Table3 EU LC GHG,kg CO2e/kWh,2.7625484229853,totalCarbonfootprintcalculation/CoM-Emission-factors-for-national-electricity-2024.xlsx,grounded,Extracted from Table3_EU_LC year column 1996
electricity_ee_1997_lc,EE,Estonia,1997,CoM Table3 EU LC GHG,kg CO2e/kWh,2.55850354714666,totalCarbonfootprintcalculation/CoM-Emission-factors-for-national-electricity-2024.xlsx,grounded,Extracted from Table3_EU_LC year column 1997
electricity_ee_1998_lc,EE,Estonia,1998,CoM Table3 EU LC GHG,kg CO2e/kWh,2.52644372751553,totalCarbonfootprintcalculation/CoM-Emission-factors-for-national-electricity-2024.xlsx,grounded,Extracted from Table3_EU_LC year column 1998
electricity_ee_1999_lc,EE,Estonia,1999,CoM Table3 EU LC GHG,kg CO2e/kWh,2.53059593696639,totalCarbonfootprintcalculation/CoM-Emission-factors-for-national-electricity-2024.xlsx,grounded,Extracted from Table3_EU_LC year column 1999
electricity_ee_2000_lc,EE,Estonia,2000,CoM Table3 EU LC GHG,kg CO2e/kWh,2.19951898402723,totalCarbonfootprintcalculation/CoM-Emission-factors-for-national-electricity-2024.xlsx,grounded,Extracted from Table3_EU_LC year column 2000
electricity_ee_2001_lc,EE,Estonia,2001,CoM Table3 EU LC GHG,kg CO2e/kWh,2.10902188149354,totalCarbonfootprintcalculation/CoM-Emission-factors-for-national-electricity-2024.xlsx,grounded,Extracted from Table3_EU_LC year column 2001
electricity_ee_2002_lc,EE,Estonia,2002,CoM Table3 EU LC GHG,kg CO2e/kWh,1.99475800313367,totalCarbonfootprintcalculation/CoM-Emission-factors-for-national-electricity-2024.xlsx,grounded,Extracted from Table3_EU_LC year column 2002
electricity_ee_2003_lc,EE,Estonia,2003,CoM Table3 EU LC GHG,kg CO2e/kWh,2.07951680518134,totalCarbonfootprintcalculation/CoM-Emission-factors-for-national-electricity-2024.xlsx,grounded,Extracted from Table3_EU_LC year column 2003
electricity_ee_2004_lc,EE,Estonia,2004,CoM Table3 EU LC GHG,kg CO2e/kWh,1.98739793570412,totalCarbonfootprintcalculation/CoM-Emission-factors-for-national-electricity-2024.xlsx,grounded,Extracted from Table3_EU_LC year column 2004
electricity_ee_2005_lc,EE,Estonia,2005,CoM Table3 EU LC GHG,kg CO2e/kWh,1.96787445794063,totalCarbonfootprintcalculation/CoM-Emission-factors-for-national-electricity-2024.xlsx,grounded,Extracted from Table3_EU_LC year column 2005
electricity_ee_2006_lc,EE,Estonia,2006,CoM Table3 EU LC GHG,kg CO2e/kWh,1.88544829710457,totalCarbonfootprintcalculation/CoM-Emission-factors-for-national-electricity-2024.xlsx,grounded,Extracted from Table3_EU_LC year column 2006
electricity_ee_2007_lc,EE,Estonia,2007,CoM Table3 EU LC GHG,kg CO2e/kWh,2.03165397596064,totalCarbonfootprintcalculation/CoM-Emission-factors-for-national-electricity-2024.xlsx,grounded,Extracted from Table3_EU_LC year column 2007
electricity_ee_2008_lc,EE,Estonia,2008,CoM Table3 EU LC GHG,kg CO2e/kWh,1.7172629301399,totalCarbonfootprintcalculation/CoM-Emission-factors-for-national-electricity-2024.xlsx,grounded,Extracted from Table3_EU_LC year column 2008
electricity_ee_2009_lc,EE,Estonia,2009,CoM Table3 EU LC GHG,kg CO2e/kWh,1.27042620161302,totalCarbonfootprintcalculation/CoM-Emission-factors-for-national-electricity-2024.xlsx,grounded,Extracted from Table3_EU_LC year column 2009
electricity_ee_2010_lc,EE,Estonia,2010,CoM Table3 EU LC GHG,kg CO2e/kWh,1.74731300936822,totalCarbonfootprintcalculation/CoM-Emission-factors-for-national-electricity-2024.xlsx,grounded,Extracted from Table3_EU_LC year column 2010
electricity_ee_2011_lc,EE,Estonia,2011,CoM Table3 EU LC GHG,kg CO2e/kWh,1.6480445997974,totalCarbonfootprintcalculation/CoM-Emission-factors-for-national-electricity-2024.xlsx,grounded,Extracted from Table3_EU_LC year column 2011
electricity_ee_2012_lc,EE,Estonia,2012,CoM Table3 EU LC GHG,kg CO2e/kWh,1.37612671193281,totalCarbonfootprintcalculation/CoM-Emission-factors-for-national-electricity-2024.xlsx,grounded,Extracted from Table3_EU_LC year column 2012
electricity_ee_2013_lc,EE,Estonia,2013,CoM Table3 EU LC GHG,kg CO2e/kWh,1.47562137544292,totalCarbonfootprintcalculation/CoM-Emission-factors-for-national-electricity-2024.xlsx,grounded,Extracted from Table3_EU_LC year column 2013
electricity_ee_2014_lc,EE,Estonia,2014,CoM Table3 EU LC GHG,kg CO2e/kWh,1.25218987800468,totalCarbonfootprintcalculation/CoM-Emission-factors-for-national-electricity-2024.xlsx,grounded,Extracted from Table3_EU_LC year column 2014
electricity_ee_2015_lc,EE,Estonia,2015,CoM Table3 EU LC GHG,kg CO2e/kWh,0.820167616494375,totalCarbonfootprintcalculation/CoM-Emission-factors-for-national-electricity-2024.xlsx,grounded,Extracted from Table3_EU_LC year column 2015
electricity_ee_2016_lc,EE,Estonia,2016,CoM Table3 EU LC GHG,kg CO2e/kWh,1.19206781475223,totalCarbonfootprintcalculation/CoM-Emission-factors-for-national-electricity-2024.xlsx,grounded,Extracted from Table3_EU_LC year column 2016
electricity_ee_2017_lc,EE,Estonia,2017,CoM Table3 EU LC GHG,kg CO2e/kWh,1.43818435072893,totalCarbonfootprintcalculation/CoM-Emission-factors-for-national-electricity-2024.xlsx,grounded,Extracted from Table3_EU_LC year column 2017
electricity_ee_2018_lc,EE,Estonia,2018,CoM Table3 EU LC GHG,kg CO2e/kWh,1.24342904593616,totalCarbonfootprintcalculation/CoM-Emission-factors-for-national-electricity-2024.xlsx,grounded,Extracted from Table3_EU_LC year column 2018
electricity_ee_2019_lc,EE,Estonia,2019,CoM Table3 EU LC GHG,kg CO2e/kWh,0.725161843903765,totalCarbonfootprintcalculation/CoM-Emission-factors-for-national-electricity-2024.xlsx,grounded,Extracted from Table3_EU_LC year column 2019
electricity_ee_2020_lc,EE,Estonia,2020,CoM Table3 EU LC GHG,kg CO2e/kWh,0.326726242762736,totalCarbonfootprintcalculation/CoM-Emission-factors-for-national-electricity-2024.xlsx,grounded,Extracted from Table3_EU_LC year column 2020
electricity_ee_2021_lc,EE,Estonia,2021,CoM Table3 EU LC GHG,kg CO2e/kWh,0.351441147123621,totalCarbonfootprintcalculation/CoM-Emission-factors-for-national-electricity-2024.xlsx,grounded,Extracted from Table3_EU_LC year column 2021
electricity_ie_1990_lc,IE,Ireland,1990,CoM Table3 EU LC GHG,kg CO2e/kWh,1.04208974004973,totalCarbonfootprintcalculation/CoM-Emission-factors-for-national-electricity-2024.xlsx,grounded,Extracted from Table3_EU_LC year column 1990
electricity_ie_1991_lc,IE,Ireland,1991,CoM Table3 EU LC GHG,kg CO2e/kWh,1.04794738708805,totalCarbonfootprintcalculation/CoM-Emission-factors-for-national-electricity-2024.xlsx,grounded,Extracted from Table3_EU_LC year column 1991
electricity_ie_1992_lc,IE,Ireland,1992,CoM Table3 EU LC GHG,kg CO2e/kWh,1.05163775911545,totalCarbonfootprintcalculation/CoM-Emission-factors-for-national-electricity-2024.xlsx,grounded,Extracted from Table3_EU_LC year column 1992
electricity_ie_1993_lc,IE,Ireland,1993,CoM Table3 EU LC GHG,kg CO2e/kWh,1.03335805445288,totalCarbonfootprintcalculation/CoM-Emission-factors-for-national-electricity-2024.xlsx,grounded,Extracted from Table3_EU_LC year column 1993
electricity_ie_1994_lc,IE,Ireland,1994,CoM Table3 EU LC GHG,kg CO2e/kWh,1.02790412682604,totalCarbonfootprintcalculation/CoM-Emission-factors-for-national-electricity-2024.xlsx,grounded,Extracted from Table3_EU_LC year column 1994
electricity_ie_1995_lc,IE,Ireland,1995,CoM Table3 EU LC GHG,kg CO2e/kWh,1.02043395177981,totalCarbonfootprintcalculation/CoM-Emission-factors-for-national-electricity-2024.xlsx,grounded,Extracted from Table3_EU_LC year column 1995
electricity_ie_1996_lc,IE,Ireland,1996,CoM Table3 EU LC GHG,kg CO2e/kWh,0.998911285669146,totalCarbonfootprintcalculation/CoM-Emission-factors-for-national-electricity-2024.xlsx,grounded,Extracted from Table3_EU_LC year column 1996
electricity_ie_1997_lc,IE,Ireland,1997,CoM Table3 EU LC GHG,kg CO2e/kWh,0.991785432831179,totalCarbonfootprintcalculation/CoM-Emission-factors-for-national-electricity-2024.xlsx,grounded,Extracted from Table3_EU_LC year column 1997
electricity_ie_1998_lc,IE,Ireland,1998,CoM Table3 EU LC GHG,kg CO2e/kWh,0.997566692839048,totalCarbonfootprintcalculation/CoM-Emission-factors-for-national-electricity-2024.xlsx,grounded,Extracted from Table3_EU_LC year column 1998
electricity_ie_1999_lc,IE,Ireland,1999,CoM Table3 EU LC GHG,kg CO2e/kWh,0.979044440439431,totalCarbonfootprintcalculation/CoM-Emission-factors-for-national-electricity-2024.xlsx,grounded,Extracted from Table3_EU_LC year column 1999
electricity_ie_2000_lc,IE,Ireland,2000,CoM Table3 EU LC GHG,kg CO2e/kWh,0.911500209567974,totalCarbonfootprintcalculation/CoM-Emission-factors-for-national-electricity-2024.xlsx,grounded,Extracted from Table3_EU_LC year column 2000
electricity_ie_2001_lc,IE,Ireland,2001,CoM Table3 EU LC GHG,kg CO2e/kWh,0.939532609440513,totalCarbonfootprintcalculation/CoM-Emission-factors-for-national-electricity-2024.xlsx,grounded,Extracted from Table3_EU_LC year column 2001
electricity_ie_2002_lc,IE,Ireland,2002,CoM Table3 EU LC GHG,kg CO2e/kWh,0.892442174450861,totalCarbonfootprintcalculation/CoM-Emission-factors-for-national-electricity-2024.xlsx,grounded,Extracted from Table3_EU_LC year column 2002
electricity_ie_2003_lc,IE,Ireland,2003,CoM Table3 EU LC GHG,kg CO2e/kWh,0.813577469293036,totalCarbonfootprintcalculation/CoM-Emission-factors-for-national-electricity-2024.xlsx,grounded,Extracted from Table3_EU_LC year column 2003
electricity_ie_2004_lc,IE,Ireland,2004,CoM Table3 EU LC GHG,kg CO2e/kWh,0.810837919805656,totalCarbonfootprintcalculation/CoM-Emission-factors-for-national-electricity-2024.xlsx,grounded,Extracted from Table3_EU_LC year column 2004
electricity_ie_2005_lc,IE,Ireland,2005,CoM Table3 EU LC GHG,kg CO2e/kWh,0.795628539078297,totalCarbonfootprintcalculation/CoM-Emission-factors-for-national-electricity-2024.xlsx,grounded,Extracted from Table3_EU_LC year column 2005
electricity_ie_2006_lc,IE,Ireland,2006,CoM Table3 EU LC GHG,kg CO2e/kWh,0.729518406573219,totalCarbonfootprintcalculation/CoM-Emission-factors-for-national-electricity-2024.xlsx,grounded,Extracted from Table3_EU_LC year column 2006
electricity_ie_2007_lc,IE,Ireland,2007,CoM Table3 EU LC GHG,kg CO2e/kWh,0.704228022342079,totalCarbonfootprintcalculation/CoM-Emission-factors-for-national-electricity-2024.xlsx,grounded,Extracted from Table3_EU_LC year column 2007
electricity_ie_2008_lc,IE,Ireland,2008,CoM Table3 EU LC GHG,kg CO2e/kWh,0.65512067767585,totalCarbonfootprintcalculation/CoM-Emission-factors-for-national-electricity-2024.xlsx,grounded,Extracted from Table3_EU_LC year column 2008
electricity_ie_2009_lc,IE,Ireland,2009,CoM Table3 EU LC GHG,kg CO2e/kWh,0.628284933803602,totalCarbonfootprintcalculation/CoM-Emission-factors-for-national-electricity-2024.xlsx,grounded,Extracted from Table3_EU_LC year column 2009
electricity_ie_2010_lc,IE,Ireland,2010,CoM Table3 EU LC GHG,kg CO2e/kWh,0.64141151238896,totalCarbonfootprintcalculation/CoM-Emission-factors-for-national-electricity-2024.xlsx,grounded,Extracted from Table3_EU_LC year column 2010
electricity_ie_2011_lc,IE,Ireland,2011,CoM Table3 EU LC GHG,kg CO2e/kWh,0.586140473346855,totalCarbonfootprintcalculation/CoM-Emission-factors-for-national-electricity-2024.xlsx,grounded,Extracted from Table3_EU_LC year column 2011
electricity_ie_2012_lc,IE,Ireland,2012,CoM Table3 EU LC GHG,kg CO2e/kWh,0.621200928664182,totalCarbonfootprintcalculation/CoM-Emission-factors-for-national-electricity-2024.xlsx,grounded,Extracted from Table3_EU_LC year column 2012
electricity_ie_2013_lc,IE,Ireland,2013,CoM Table3 EU LC GHG,kg CO2e/kWh,0.595459903891515,totalCarbonfootprintcalculation/CoM-Emission-factors-for-national-electricity-2024.xlsx,grounded,Extracted from Table3_EU_LC year column 2013
electricity_ie_2014_lc,IE,Ireland,2014,CoM Table3 EU LC GHG,kg CO2e/kWh,0.580270745834806,totalCarbonfootprintcalculation/CoM-Emission-factors-for-national-electricity-2024.xlsx,grounded,Extracted from Table3_EU_LC year column 2014
electricity_ie_2015_lc,IE,Ireland,2015,CoM Table3 EU LC GHG,kg CO2e/kWh,0.555583318027842,totalCarbonfootprintcalculation/CoM-Emission-factors-for-national-electricity-2024.xlsx,grounded,Extracted from Table3_EU_LC year column 2015
electricity_ie_2016_lc,IE,Ireland,2016,CoM Table3 EU LC GHG,kg CO2e/kWh,0.555293008170648,totalCarbonfootprintcalculation/CoM-Emission-factors-for-national-electricity-2024.xlsx,grounded,Extracted from Table3_EU_LC year column 2016
electricity_ie_2017_lc,IE,Ireland,2017,CoM Table3 EU LC GHG,kg CO2e/kWh,0.514872728654308,totalCarbonfootprintcalculation/CoM-Emission-factors-for-national-electricity-2024.xlsx,grounded,Extracted from Table3_EU_LC year column 2017
electricity_ie_2018_lc,IE,Ireland,2018,CoM Table3 EU LC GHG,kg CO2e/kWh,0.448469147609676,totalCarbonfootprintcalculation/CoM-Emission-factors-for-national-electricity-2024.xlsx,grounded,Extracted from Table3_EU_LC year column 2018
electricity_ie_2019_lc,IE,Ireland,2019,CoM Table3 EU LC GHG,kg CO2e/kWh,0.401095296514862,totalCarbonfootprintcalculation/CoM-Emission-factors-for-national-electricity-2024.xlsx,grounded,Extracted from Table3_EU_LC year column 2019
electricity_ie_2020_lc,IE,Ireland,2020,CoM Table3 EU LC GHG,kg CO2e/kWh,0.375554046841054,totalCarbonfootprintcalculation/CoM-Emission-factors-for-national-electricity-2024.xlsx,grounded,Extracted from Table3_EU_LC year column 2020
electricity_ie_2021_lc,IE,Ireland,2021,CoM Table3 EU LC GHG,kg CO2e/kWh,0.441675907790272,totalCarbonfootprintcalculation/CoM-Emission-factors-for-national-electricity-2024.xlsx,grounded,Extracted from Table3_EU_LC year column 2021
electricity_el_1990_lc,EL,Greece,1990,CoM Table3 EU LC GHG,kg CO2e/kWh,1.32126469845974,totalCarbonfootprintcalculation/CoM-Emission-factors-for-national-electricity-2024.xlsx,grounded,Extracted from Table3_EU_LC year column 1990
electricity_el_1991_lc,EL,Greece,1991,CoM Table3 EU LC GHG,kg CO2e/kWh,1.24878639772545,totalCarbonfootprintcalculation/CoM-Emission-factors-for-national-electricity-2024.xlsx,grounded,Extracted from Table3_EU_LC year column 1991
electricity_el_1992_lc,EL,Greece,1992,CoM Table3 EU LC GHG,kg CO2e/kWh,1.26515785877219,totalCarbonfootprintcalculation/CoM-Emission-factors-for-national-electricity-2024.xlsx,grounded,Extracted from Table3_EU_LC year column 1992
electricity_el_1993_lc,EL,Greece,1993,CoM Table3 EU LC GHG,kg CO2e/kWh,1.25099264202923,totalCarbonfootprintcalculation/CoM-Emission-factors-for-national-electricity-2024.xlsx,grounded,Extracted from Table3_EU_LC year column 1993
electricity_el_1994_lc,EL,Greece,1994,CoM Table3 EU LC GHG,kg CO2e/kWh,1.18242586461538,totalCarbonfootprintcalculation/CoM-Emission-factors-for-national-electricity-2024.xlsx,grounded,Extracted from Table3_EU_LC year column 1994
electricity_el_1995_lc,EL,Greece,1995,CoM Table3 EU LC GHG,kg CO2e/kWh,1.16042022085898,totalCarbonfootprintcalculation/CoM-Emission-factors-for-national-electricity-2024.xlsx,grounded,Extracted from Table3_EU_LC year column 1995
electricity_el_1996_lc,EL,Greece,1996,CoM Table3 EU LC GHG,kg CO2e/kWh,1.10353140859192,totalCarbonfootprintcalculation/CoM-Emission-factors-for-national-electricity-2024.xlsx,grounded,Extracted from Table3_EU_LC year column 1996
electricity_el_1997_lc,EL,Greece,1997,CoM Table3 EU LC GHG,kg CO2e/kWh,1.14661268314522,totalCarbonfootprintcalculation/CoM-Emission-factors-for-national-electricity-2024.xlsx,grounded,Extracted from Table3_EU_LC year column 1997
electricity_el_1998_lc,EL,Greece,1998,CoM Table3 EU LC GHG,kg CO2e/kWh,1.13238958653116,totalCarbonfootprintcalculation/CoM-Emission-factors-for-national-electricity-2024.xlsx,grounded,Extracted from Table3_EU_LC year column 1998
electricity_el_1999_lc,EL,Greece,1999,CoM Table3 EU LC GHG,kg CO2e/kWh,1.08613175286379,totalCarbonfootprintcalculation/CoM-Emission-factors-for-national-electricity-2024.xlsx,grounded,Extracted from Table3_EU_LC year column 1999
electricity_el_2000_lc,EL,Greece,2000,CoM Table3 EU LC GHG,kg CO2e/kWh,1.09884463191583,totalCarbonfootprintcalculation/CoM-Emission-factors-for-national-electricity-2024.xlsx,grounded,Extracted from Table3_EU_LC year column 2000
electricity_el_2001_lc,EL,Greece,2001,CoM Table3 EU LC GHG,kg CO2e/kWh,1.1208000520498,totalCarbonfootprintcalculation/CoM-Emission-factors-for-national-electricity-2024.xlsx,grounded,Extracted from Table3_EU_LC year column 2001
electricity_el_2002_lc,EL,Greece,2002,CoM Table3 EU LC GHG,kg CO2e/kWh,1.06465070070012,totalCarbonfootprintcalculation/CoM-Emission-factors-for-national-electricity-2024.xlsx,grounded,Extracted from Table3_EU_LC year column 2002
electricity_el_2003_lc,EL,Greece,2003,CoM Table3 EU LC GHG,kg CO2e/kWh,1.03432198214869,totalCarbonfootprintcalculation/CoM-Emission-factors-for-national-electricity-2024.xlsx,grounded,Extracted from Table3_EU_LC year column 2003
electricity_el_2004_lc,EL,Greece,2004,CoM Table3 EU LC GHG,kg CO2e/kWh,1.03520214289207,totalCarbonfootprintcalculation/CoM-Emission-factors-for-national-electricity-2024.xlsx,grounded,Extracted from Table3_EU_LC year column 2004
electricity_el_2005_lc,EL,Greece,2005,CoM Table3 EU LC GHG,kg CO2e/kWh,1.03173149060786,totalCarbonfootprintcalculation/CoM-Emission-factors-for-national-electricity-2024.xlsx,grounded,Extracted from Table3_EU_LC year column 2005
electricity_el_2006_lc,EL,Greece,2006,CoM Table3 EU LC GHG,kg CO2e/kWh,0.966161144341766,totalCarbonfootprintcalculation/CoM-Emission-factors-for-national-electricity-2024.xlsx,grounded,Extracted from Table3_EU_LC year column 2006
electricity_el_2007_lc,EL,Greece,2007,CoM Table3 EU LC GHG,kg CO2e/kWh,0.997109616519307,totalCarbonfootprintcalculation/CoM-Emission-factors-for-national-electricity-2024.xlsx,grounded,Extracted from Table3_EU_LC year column 2007
electricity_el_2008_lc,EL,Greece,2008,CoM Table3 EU LC GHG,kg CO2e/kWh,0.965016332377131,totalCarbonfootprintcalculation/CoM-Emission-factors-for-national-electricity-2024.xlsx,grounded,Extracted from Table3_EU_LC year column 2008
electricity_el_2009_lc,EL,Greece,2009,CoM Table3 EU LC GHG,kg CO2e/kWh,0.933725985037993,totalCarbonfootprintcalculation/CoM-Emission-factors-for-national-electricity-2024.xlsx,grounded,Extracted from Table3_EU_LC year column 2009
electricity_el_2010_lc,EL,Greece,2010,CoM Table3 EU LC GHG,kg CO2e/kWh,0.902772981252791,totalCarbonfootprintcalculation/CoM-Emission-factors-for-national-electricity-2024.xlsx,grounded,Extracted from Table3_EU_LC year column 2010
electricity_el_2011_lc,EL,Greece,2011,CoM Table3 EU LC GHG,kg CO2e/kWh,0.92352684383016,totalCarbonfootprintcalculation/CoM-Emission-factors-for-national-electricity-2024.xlsx,grounded,Extracted from Table3_EU_LC year column 2011
electricity_el_2012_lc,EL,Greece,2012,CoM Table3 EU LC GHG,kg CO2e/kWh,0.911731877721184,totalCarbonfootprintcalculation/CoM-Emission-factors-for-national-electricity-2024.xlsx,grounded,Extracted from Table3_EU_LC year column 2012
electricity_el_2013_lc,EL,Greece,2013,CoM Table3 EU LC GHG,kg CO2e/kWh,0.829482006505634,totalCarbonfootprintcalculation/CoM-Emission-factors-for-national-electricity-2024.xlsx,grounded,Extracted from Table3_EU_LC year column 2013
electricity_el_2014_lc,EL,Greece,2014,CoM Table3 EU LC GHG,kg CO2e/kWh,0.863462862607034,totalCarbonfootprintcalculation/CoM-Emission-factors-for-national-electricity-2024.xlsx,grounded,Extracted from Table3_EU_LC year column 2014
electricity_el_2015_lc,EL,Greece,2015,CoM Table3 EU LC GHG,kg CO2e/kWh,0.759402959535934,totalCarbonfootprintcalculation/CoM-Emission-factors-for-national-electricity-2024.xlsx,grounded,Extracted from Table3_EU_LC year column 2015
electricity_el_2016_lc,EL,Greece,2016,CoM Table3 EU LC GHG,kg CO2e/kWh,0.645064362890569,totalCarbonfootprintcalculation/CoM-Emission-factors-for-national-electricity-2024.xlsx,grounded,Extracted from Table3_EU_LC year column 2016
electricity_el_2017_lc,EL,Greece,2017,CoM Table3 EU LC GHG,kg CO2e/kWh,0.695268752805197,totalCarbonfootprintcalculation/CoM-Emission-factors-for-national-electricity-2024.xlsx,grounded,Extracted from Table3_EU_LC year column 2017
electricity_el_2018_lc,EL,Greece,2018,CoM Table3 EU LC GHG,kg CO2e/kWh,0.719543452286701,totalCarbonfootprintcalculation/CoM-Emission-factors-for-national-electricity-2024.xlsx,grounded,Extracted from Table3_EU_LC year column 2018
electricity_el_2019_lc,EL,Greece,2019,CoM Table3 EU LC GHG,kg CO2e/kWh,0.651403417464393,totalCarbonfootprintcalculation/CoM-Emission-factors-for-national-electricity-2024.xlsx,grounded,Extracted from Table3_EU_LC year column 2019
electricity_el_2020_lc,EL,Greece,2020,CoM Table3 EU LC GHG,kg CO2e/kWh,0.546484158203413,totalCarbonfootprintcalculation/CoM-Emission-factors-for-national-electricity-2024.xlsx,grounded,Extracted from Table3_EU_LC year column 2020
electricity_el_2021_lc,EL,Greece,2021,CoM Table3 EU LC GHG,kg CO2e/kWh,0.502412265142969,totalCarbonfootprintcalculation/CoM-Emission-factors-for-national-electricity-2024.xlsx,grounded,Extracted from Table3_EU_LC year column 2021
electricity_es_1990_lc,ES,Spain,1990,CoM Table3 EU LC GHG,kg CO2e/kWh,0.593996520602097,totalCarbonfootprintcalculation/CoM-Emission-factors-for-national-electricity-2024.xlsx,grounded,Extracted from Table3_EU_LC year column 1990
electricity_es_1991_lc,ES,Spain,1991,CoM Table3 EU LC GHG,kg CO2e/kWh,0.589046518941057,totalCarbonfootprintcalculation/CoM-Emission-factors-for-national-electricity-2024.xlsx,grounded,Extracted from Table3_EU_LC year column 1991
electricity_es_1992_lc,ES,Spain,1992,CoM Table3 EU LC GHG,kg CO2e/kWh,0.668892686538732,totalCarbonfootprintcalculation/CoM-Emission-factors-for-national-electricity-2024.xlsx,grounded,Extracted from Table3_EU_LC year column 1992
electricity_es_1993_lc,ES,Spain,1993,CoM Table3 EU LC GHG,kg CO2e/kWh,0.581517721296027,totalCarbonfootprintcalculation/CoM-Emission-factors-for-national-electricity-2024.xlsx,grounded,Extracted from Table3_EU_LC year column 1993
electricity_es_1994_lc,ES,Spain,1994,CoM Table3 EU LC GHG,kg CO2e/kWh,0.570421119748389,totalCarbonfootprintcalculation/CoM-Emission-factors-for-national-electricity-2024.xlsx,grounded,Extracted from Table3_EU_LC year column 1994
electricity_es_1995_lc,ES,Spain,1995,CoM Table3 EU LC GHG,kg CO2e/kWh,0.633053864808165,totalCarbonfootprintcalculation/CoM-Emission-factors-for-national-electricity-2024.xlsx,grounded,Extracted from Table3_EU_LC year column 1995
electricity_es_1996_lc,ES,Spain,1996,CoM Table3 EU LC GHG,kg CO2e/kWh,0.497276850076591,totalCarbonfootprintcalculation/CoM-Emission-factors-for-national-electricity-2024.xlsx,grounded,Extracted from Table3_EU_LC year column 1996
electricity_es_1997_lc,ES,Spain,1997,CoM Table3 EU LC GHG,kg CO2e/kWh,0.544203309684461,totalCarbonfootprintcalculation/CoM-Emission-factors-for-national-electricity-2024.xlsx,grounded,Extracted from Table3_EU_LC year column 1997
electricity_es_1998_lc,ES,Spain,1998,CoM Table3 EU LC GHG,kg CO2e/kWh,0.531815628045457,totalCarbonfootprintcalculation/CoM-Emission-factors-for-national-electricity-2024.xlsx,grounded,Extracted from Table3_EU_LC year column 1998
electricity_es_1999_lc,ES,Spain,1999,CoM Table3 EU LC GHG,kg CO2e/kWh,0.620448254997643,totalCarbonfootprintcalculation/CoM-Emission-factors-for-national-electricity-2024.xlsx,grounded,Extracted from Table3_EU_LC year column 1999
electricity_es_2000_lc,ES,Spain,2000,CoM Table3 EU LC GHG,kg CO2e/kWh,0.597678506608732,totalCarbonfootprintcalculation/CoM-Emission-factors-for-national-electricity-2024.xlsx,grounded,Extracted from Table3_EU_LC year column 2000
electricity_es_2001_lc,ES,Spain,2001,CoM Table3 EU LC GHG,kg CO2e/kWh,0.527393249494898,totalCarbonfootprintcalculation/CoM-Emission-factors-for-national-electricity-2024.xlsx,grounded,Extracted from Table3_EU_LC year column 2001
electricity_es_2002_lc,ES,Spain,2002,CoM Table3 EU LC GHG,kg CO2e/kWh,0.611499676662873,totalCarbonfootprintcalculation/CoM-Emission-factors-for-national-electricity-2024.xlsx,grounded,Extracted from Table3_EU_LC year column 2002
electricity_es_2003_lc,ES,Spain,2003,CoM Table3 EU LC GHG,kg CO2e/kWh,0.534530259183148,totalCarbonfootprintcalculation/CoM-Emission-factors-for-national-electricity-2024.xlsx,grounded,Extracted from Table3_EU_LC year column 2003
electricity_es_2004_lc,ES,Spain,2004,CoM Table3 EU LC GHG,kg CO2e/kWh,0.539473149158684,totalCarbonfootprintcalculation/CoM-Emission-factors-for-national-electricity-2024.xlsx,grounded,Extracted from Table3_EU_LC year column 2004
electricity_es_2005_lc,ES,Spain,2005,CoM Table3 EU LC GHG,kg CO2e/kWh,0.562521497290801,totalCarbonfootprintcalculation/CoM-Emission-factors-for-national-electricity-2024.xlsx,grounded,Extracted from Table3_EU_LC year column 2005
electricity_es_2006_lc,ES,Spain,2006,CoM Table3 EU LC GHG,kg CO2e/kWh,0.538409809317863,totalCarbonfootprintcalculation/CoM-Emission-factors-for-national-electricity-2024.xlsx,grounded,Extracted from Table3_EU_LC year column 2006
electricity_es_2007_lc,ES,Spain,2007,CoM Table3 EU LC GHG,kg CO2e/kWh,0.541146083511609,totalCarbonfootprintcalculation/CoM-Emission-factors-for-national-electricity-2024.xlsx,grounded,Extracted from Table3_EU_LC year column 2007
electricity_es_2008_lc,ES,Spain,2008,CoM Table3 EU LC GHG,kg CO2e/kWh,0.47228878876136,totalCarbonfootprintcalculation/CoM-Emission-factors-for-national-electricity-2024.xlsx,grounded,Extracted from Table3_EU_LC year column 2008
electricity_es_2009_lc,ES,Spain,2009,CoM Table3 EU LC GHG,kg CO2e/kWh,0.435165053604453,totalCarbonfootprintcalculation/CoM-Emission-factors-for-national-electricity-2024.xlsx,grounded,Extracted from Table3_EU_LC year column 2009
electricity_es_2010_lc,ES,Spain,2010,CoM Table3 EU LC GHG,kg CO2e/kWh,0.353389595768734,totalCarbonfootprintcalculation/CoM-Emission-factors-for-national-electricity-2024.xlsx,grounded,Extracted from Table3_EU_LC year column 2010
electricity_es_2011_lc,ES,Spain,2011,CoM Table3 EU LC GHG,kg CO2e/kWh,0.416990390550014,totalCarbonfootprintcalculation/CoM-Emission-factors-for-national-electricity-2024.xlsx,grounded,Extracted from Table3_EU_LC year column 2011
electricity_es_2012_lc,ES,Spain,2012,CoM Table3 EU LC GHG,kg CO2e/kWh,0.440171986507907,totalCarbonfootprintcalculation/CoM-Emission-factors-for-national-electricity-2024.xlsx,grounded,Extracted from Table3_EU_LC year column 2012
electricity_es_2013_lc,ES,Spain,2013,CoM Table3 EU LC GHG,kg CO2e/kWh,0.364153111247311,totalCarbonfootprintcalculation/CoM-Emission-factors-for-national-electricity-2024.xlsx,grounded,Extracted from Table3_EU_LC year column 2013
electricity_es_2014_lc,ES,Spain,2014,CoM Table3 EU LC GHG,kg CO2e/kWh,0.378294171756513,totalCarbonfootprintcalculation/CoM-Emission-factors-for-national-electricity-2024.xlsx,grounded,Extracted from Table3_EU_LC year column 2014
electricity_es_2015_lc,ES,Spain,2015,CoM Table3 EU LC GHG,kg CO2e/kWh,0.427941887676731,totalCarbonfootprintcalculation/CoM-Emission-factors-for-national-electricity-2024.xlsx,grounded,Extracted from Table3_EU_LC year column 2015
electricity_es_2016_lc,ES,Spain,2016,CoM Table3 EU LC GHG,kg CO2e/kWh,0.366580571899028,totalCarbonfootprintcalculation/CoM-Emission-factors-for-national-electricity-2024.xlsx,grounded,Extracted from Table3_EU_LC year column 2016
electricity_es_2017_lc,ES,Spain,2017,CoM Table3 EU LC GHG,kg CO2e/kWh,0.417126990092436,totalCarbonfootprintcalculation/CoM-Emission-factors-for-national-electricity-2024.xlsx,grounded,Extracted from Table3_EU_LC year column 2017
electricity_es_2018_lc,ES,Spain,2018,CoM Table3 EU LC GHG,kg CO2e/kWh,0.375101604605025,totalCarbonfootprintcalculation/CoM-Emission-factors-for-national-electricity-2024.xlsx,grounded,Extracted from Table3_EU_LC year column 2018
electricity_es_2019_lc,ES,Spain,2019,CoM Table3 EU LC GHG,kg CO2e/kWh,0.30147472727138,totalCarbonfootprintcalculation/CoM-Emission-factors-for-national-electricity-2024.xlsx,grounded,Extracted from Table3_EU_LC year column 2019
electricity_es_2020_lc,ES,Spain,2020,CoM Table3 EU LC GHG,kg CO2e/kWh,0.245297400216855,totalCarbonfootprintcalculation/CoM-Emission-factors-for-national-electricity-2024.xlsx,grounded,Extracted from Table3_EU_LC year column 2020
electricity_es_2021_lc,ES,Spain,2021,CoM Table3 EU LC GHG,kg CO2e/kWh,0.236355681424755,totalCarbonfootprintcalculation/CoM-Emission-factors-for-national-electricity-2024.xlsx,grounded,Extracted from Table3_EU_LC year column 2021
electricity_fr_1990_lc,FR,France,1990,CoM Table3 EU LC GHG,kg CO2e/kWh,0.161198841666664,totalCarbonfootprintcalculation/CoM-Emission-factors-for-national-electricity-2024.xlsx,grounded,Extracted from Table3_EU_LC year column 1990
electricity_fr_1991_lc,FR,France,1991,CoM Table3 EU LC GHG,kg CO2e/kWh,0.18155117190541,totalCarbonfootprintcalculation/CoM-Emission-factors-for-national-electricity-2024.xlsx,grounded,Extracted from Table3_EU_LC year column 1991
electricity_fr_1992_lc,FR,France,1992,CoM Table3 EU LC GHG,kg CO2e/kWh,0.142303281584969,totalCarbonfootprintcalculation/CoM-Emission-factors-for-national-electricity-2024.xlsx,grounded,Extracted from Table3_EU_LC year column 1992
electricity_fr_1993_lc,FR,France,1993,CoM Table3 EU LC GHG,kg CO2e/kWh,0.100315432451705,totalCarbonfootprintcalculation/CoM-Emission-factors-for-national-electricity-2024.xlsx,grounded,Extracted from Table3_EU_LC year column 1993
electricity_fr_1994_lc,FR,France,1994,CoM Table3 EU LC GHG,kg CO2e/kWh,0.09658148403496,totalCarbonfootprintcalculation/CoM-Emission-factors-for-national-electricity-2024.xlsx,grounded,Extracted from Table3_EU_LC year column 1994
electricity_fr_1995_lc,FR,France,1995,CoM Table3 EU LC GHG,kg CO2e/kWh,0.109348827831617,totalCarbonfootprintcalculation/CoM-Emission-factors-for-national-electricity-2024.xlsx,grounded,Extracted from Table3_EU_LC year column 1995
electricity_fr_1996_lc,FR,France,1996,CoM Table3 EU LC GHG,kg CO2e/kWh,0.11227938028493,totalCarbonfootprintcalculation/CoM-Emission-factors-for-national-electricity-2024.xlsx,grounded,Extracted from Table3_EU_LC year column 1996
electricity_fr_1997_lc,FR,France,1997,CoM Table3 EU LC GHG,kg CO2e/kWh,0.103235685151158,totalCarbonfootprintcalculation/CoM-Emission-factors-for-national-electricity-2024.xlsx,grounded,Extracted from Table3_EU_LC year column 1997
electricity_fr_1998_lc,FR,France,1998,CoM Table3 EU LC GHG,kg CO2e/kWh,0.140130403238838,totalCarbonfootprintcalculation/CoM-Emission-factors-for-national-electricity-2024.xlsx,grounded,Extracted from Table3_EU_LC year column 1998
electricity_fr_1999_lc,FR,France,1999,CoM Table3 EU LC GHG,kg CO2e/kWh,0.12299215100869,totalCarbonfootprintcalculation/CoM-Emission-factors-for-national-electricity-2024.xlsx,grounded,Extracted from Table3_EU_LC year column 1999
electricity_fr_2000_lc,FR,France,2000,CoM Table3 EU LC GHG,kg CO2e/kWh,0.104896781003028,totalCarbonfootprintcalculation/CoM-Emission-factors-for-national-electricity-2024.xlsx,grounded,Extracted from Table3_EU_LC year column 2000
electricity_fr_2001_lc,FR,France,2001,CoM Table3 EU LC GHG,kg CO2e/kWh,0.084938180168116,totalCarbonfootprintcalculation/CoM-Emission-factors-for-national-electricity-2024.xlsx,grounded,Extracted from Table3_EU_LC year column 2001
electricity_fr_2002_lc,FR,France,2002,CoM Table3 EU LC GHG,kg CO2e/kWh,0.0932325954880062,totalCarbonfootprintcalculation/CoM-Emission-factors-for-national-electricity-2024.xlsx,grounded,Extracted from Table3_EU_LC year column 2002
electricity_fr_2003_lc,FR,France,2003,CoM Table3 EU LC GHG,kg CO2e/kWh,0.102591110792889,totalCarbonfootprintcalculation/CoM-Emission-factors-for-national-electricity-2024.xlsx,grounded,Extracted from Table3_EU_LC year column 2003
electricity_fr_2004_lc,FR,France,2004,CoM Table3 EU LC GHG,kg CO2e/kWh,0.0973801781514943,totalCarbonfootprintcalculation/CoM-Emission-factors-for-national-electricity-2024.xlsx,grounded,Extracted from Table3_EU_LC year column 2004
electricity_fr_2005_lc,FR,France,2005,CoM Table3 EU LC GHG,kg CO2e/kWh,0.120276046585431,totalCarbonfootprintcalculation/CoM-Emission-factors-for-national-electricity-2024.xlsx,grounded,Extracted from Table3_EU_LC year column 2005
electricity_fr_2006_lc,FR,France,2006,CoM Table3 EU LC GHG,kg CO2e/kWh,0.110741386917132,totalCarbonfootprintcalculation/CoM-Emission-factors-for-national-electricity-2024.xlsx,grounded,Extracted from Table3_EU_LC year column 2006
electricity_fr_2007_lc,FR,France,2007,CoM Table3 EU LC GHG,kg CO2e/kWh,0.118121910536731,totalCarbonfootprintcalculation/CoM-Emission-factors-for-national-electricity-2024.xlsx,grounded,Extracted from Table3_EU_LC year column 2007
electricity_fr_2008_lc,FR,France,2008,CoM Table3 EU LC GHG,kg CO2e/kWh,0.105835029431785,totalCarbonfootprintcalculation/CoM-Emission-factors-for-national-electricity-2024.xlsx,grounded,Extracted from Table3_EU_LC year column 2008
electricity_fr_2009_lc,FR,France,2009,CoM Table3 EU LC GHG,kg CO2e/kWh,0.12250486439737,totalCarbonfootprintcalculation/CoM-Emission-factors-for-national-electricity-2024.xlsx,grounded,Extracted from Table3_EU_LC year column 2009
electricity_fr_2010_lc,FR,France,2010,CoM Table3 EU LC GHG,kg CO2e/kWh,0.119065102115952,totalCarbonfootprintcalculation/CoM-Emission-factors-for-national-electricity-2024.xlsx,grounded,Extracted from Table3_EU_LC year column 2010
electricity_fr_2011_lc,FR,France,2011,CoM Table3 EU LC GHG,kg CO2e/kWh,0.103264636733388,totalCarbonfootprintcalculation/CoM-Emission-factors-for-national-electricity-2024.xlsx,grounded,Extracted from Table3_EU_LC year column 2011
electricity_fr_2012_lc,FR,France,2012,CoM Table3 EU LC GHG,kg CO2e/kWh,0.110923309747979,totalCarbonfootprintcalculation/CoM-Emission-factors-for-national-electricity-2024.xlsx,grounded,Extracted from Table3_EU_LC year column 2012
electricity_fr_2013_lc,FR,France,2013,CoM Table3 EU LC GHG,kg CO2e/kWh,0.103572353481228,totalCarbonfootprintcalculation/CoM-Emission-factors-for-national-electricity-2024.xlsx,grounded,Extracted from Table3_EU_LC year column 2013
electricity_fr_2014_lc,FR,France,2014,CoM Table3 EU LC GHG,kg CO2e/kWh,0.0777384109269079,totalCarbonfootprintcalculation/CoM-Emission-factors-for-national-electricity-2024.xlsx,grounded,Extracted from Table3_EU_LC year column 2014
electricity_fr_2015_lc,FR,France,2015,CoM Table3 EU LC GHG,kg CO2e/kWh,0.0835962881491309,totalCarbonfootprintcalculation/CoM-Emission-factors-for-national-electricity-2024.xlsx,grounded,Extracted from Table3_EU_LC year column 2015
electricity_fr_2016_lc,FR,France,2016,CoM Table3 EU LC GHG,kg CO2e/kWh,0.095759356453364,totalCarbonfootprintcalculation/CoM-Emission-factors-for-national-electricity-2024.xlsx,grounded,Extracted from Table3_EU_LC year column 2016
electricity_fr_2017_lc,FR,France,2017,CoM Table3 EU LC GHG,kg CO2e/kWh,0.107792448762946,totalCarbonfootprintcalculation/CoM-Emission-factors-for-national-electricity-2024.xlsx,grounded,Extracted from Table3_EU_LC year column 2017
electricity_fr_2018_lc,FR,France,2018,CoM Table3 EU LC GHG,kg CO2e/kWh,0.085123232425225,totalCarbonfootprintcalculation/CoM-Emission-factors-for-national-electricity-2024.xlsx,grounded,Extracted from Table3_EU_LC year column 2018
electricity_fr_2019_lc,FR,France,2019,CoM Table3 EU LC GHG,kg CO2e/kWh,0.0861057675252705,totalCarbonfootprintcalculation/CoM-Emission-factors-for-national-electricity-2024.xlsx,grounded,Extracted from Table3_EU_LC year column 2019
electricity_fr_2020_lc,FR,France,2020,CoM Table3 EU LC GHG,kg CO2e/kWh,0.0851491327764309,totalCarbonfootprintcalculation/CoM-Emission-factors-for-national-electricity-2024.xlsx,grounded,Extracted from Table3_EU_LC year column 2020
electricity_fr_2021_lc,FR,France,2021,CoM Table3 EU LC GHG,kg CO2e/kWh,0.0865120415623876,totalCarbonfootprintcalculation/CoM-Emission-factors-for-national-electricity-2024.xlsx,grounded,Extracted from Table3_EU_LC year column 2021
electricity_hr_1990_lc,HR,Croatia,1990,CoM Table3 EU LC GHG,kg CO2e/kWh,0.288560729865176,totalCarbonfootprintcalculation/CoM-Emission-factors-for-national-electricity-2024.xlsx,grounded,Extracted from Table3_EU_LC year column 1990
electricity_hr_1991_lc,HR,Croatia,1991,CoM Table3 EU LC GHG,kg CO2e/kWh,0.198450480889834,totalCarbonfootprintcalculation/CoM-Emission-factors-for-national-electricity-2024.xlsx,grounded,Extracted from Table3_EU_LC year column 1991
electricity_hr_1992_lc,HR,Croatia,1992,CoM Table3 EU LC GHG,kg CO2e/kWh,0.378619452724885,totalCarbonfootprintcalculation/CoM-Emission-factors-for-national-electricity-2024.xlsx,grounded,Extracted from Table3_EU_LC year column 1992
electricity_hr_1993_lc,HR,Croatia,1993,CoM Table3 EU LC GHG,kg CO2e/kWh,0.37841645614739,totalCarbonfootprintcalculation/CoM-Emission-factors-for-national-electricity-2024.xlsx,grounded,Extracted from Table3_EU_LC year column 1993
electricity_hr_1994_lc,HR,Croatia,1994,CoM Table3 EU LC GHG,kg CO2e/kWh,0.21562341846828,totalCarbonfootprintcalculation/CoM-Emission-factors-for-national-electricity-2024.xlsx,grounded,Extracted from Table3_EU_LC year column 1994
electricity_hr_1995_lc,HR,Croatia,1995,CoM Table3 EU LC GHG,kg CO2e/kWh,0.256231876361965,totalCarbonfootprintcalculation/CoM-Emission-factors-for-national-electricity-2024.xlsx,grounded,Extracted from Table3_EU_LC year column 1995
electricity_hr_1996_lc,HR,Croatia,1996,CoM Table3 EU LC GHG,kg CO2e/kWh,0.204420561541238,totalCarbonfootprintcalculation/CoM-Emission-factors-for-national-electricity-2024.xlsx,grounded,Extracted from Table3_EU_LC year column 1996
electricity_hr_1997_lc,HR,Croatia,1997,CoM Table3 EU LC GHG,kg CO2e/kWh,0.298785773301027,totalCarbonfootprintcalculation/CoM-Emission-factors-for-national-electricity-2024.xlsx,grounded,Extracted from Table3_EU_LC year column 1997
electricity_hr_1998_lc,HR,Croatia,1998,CoM Table3 EU LC GHG,kg CO2e/kWh,0.380266909478171,totalCarbonfootprintcalculation/CoM-Emission-factors-for-national-electricity-2024.xlsx,grounded,Extracted from Table3_EU_LC year column 1998
electricity_hr_1999_lc,HR,Croatia,1999,CoM Table3 EU LC GHG,kg CO2e/kWh,0.367854422850466,totalCarbonfootprintcalculation/CoM-Emission-factors-for-national-electricity-2024.xlsx,grounded,Extracted from Table3_EU_LC year column 1999
electricity_hr_2000_lc,HR,Croatia,2000,CoM Table3 EU LC GHG,kg CO2e/kWh,0.320562942541285,totalCarbonfootprintcalculation/CoM-Emission-factors-for-national-electricity-2024.xlsx,grounded,Extracted from Table3_EU_LC year column 2000
electricity_hr_2001_lc,HR,Croatia,2001,CoM Table3 EU LC GHG,kg CO2e/kWh,0.371286949451496,totalCarbonfootprintcalculation/CoM-Emission-factors-for-national-electricity-2024.xlsx,grounded,Extracted from Table3_EU_LC year column 2001
electricity_hr_2002_lc,HR,Croatia,2002,CoM Table3 EU LC GHG,kg CO2e/kWh,0.424612034087196,totalCarbonfootprintcalculation/CoM-Emission-factors-for-national-electricity-2024.xlsx,grounded,Extracted from Table3_EU_LC year column 2002
electricity_hr_2003_lc,HR,Croatia,2003,CoM Table3 EU LC GHG,kg CO2e/kWh,0.452562350104163,totalCarbonfootprintcalculation/CoM-Emission-factors-for-national-electricity-2024.xlsx,grounded,Extracted from Table3_EU_LC year column 2003
electricity_hr_2004_lc,HR,Croatia,2004,CoM Table3 EU LC GHG,kg CO2e/kWh,0.309184950509739,totalCarbonfootprintcalculation/CoM-Emission-factors-for-national-electricity-2024.xlsx,grounded,Extracted from Table3_EU_LC year column 2004
electricity_hr_2005_lc,HR,Croatia,2005,CoM Table3 EU LC GHG,kg CO2e/kWh,0.232827839374837,totalCarbonfootprintcalculation/CoM-Emission-factors-for-national-electricity-2024.xlsx,grounded,Extracted from Table3_EU_LC year column 2005
electricity_hr_2006_lc,HR,Croatia,2006,CoM Table3 EU LC GHG,kg CO2e/kWh,0.252636948506395,totalCarbonfootprintcalculation/CoM-Emission-factors-for-national-electricity-2024.xlsx,grounded,Extracted from Table3_EU_LC year column 2006
electricity_hr_2007_lc,HR,Croatia,2007,CoM Table3 EU LC GHG,kg CO2e/kWh,0.347578154959896,totalCarbonfootprintcalculation/CoM-Emission-factors-for-national-electricity-2024.xlsx,grounded,Extracted from Table3_EU_LC year column 2007
electricity_hr_2008_lc,HR,Croatia,2008,CoM Table3 EU LC GHG,kg CO2e/kWh,0.176373623910959,totalCarbonfootprintcalculation/CoM-Emission-factors-for-national-electricity-2024.xlsx,grounded,Extracted from Table3_EU_LC year column 2008
electricity_hr_2009_lc,HR,Croatia,2009,CoM Table3 EU LC GHG,kg CO2e/kWh,0.144055822397417,totalCarbonfootprintcalculation/CoM-Emission-factors-for-national-electricity-2024.xlsx,grounded,Extracted from Table3_EU_LC year column 2009
electricity_hr_2010_lc,HR,Croatia,2010,CoM Table3 EU LC GHG,kg CO2e/kWh,0.111140470921739,totalCarbonfootprintcalculation/CoM-Emission-factors-for-national-electricity-2024.xlsx,grounded,Extracted from Table3_EU_LC year column 2010
electricity_hr_2011_lc,HR,Croatia,2011,CoM Table3 EU LC GHG,kg CO2e/kWh,0.111802026494062,totalCarbonfootprintcalculation/CoM-Emission-factors-for-national-electricity-2024.xlsx,grounded,Extracted from Table3_EU_LC year column 2011
electricity_hr_2012_lc,HR,Croatia,2012,CoM Table3 EU LC GHG,kg CO2e/kWh,0.121212916954226,totalCarbonfootprintcalculation/CoM-Emission-factors-for-national-electricity-2024.xlsx,grounded,Extracted from Table3_EU_LC year column 2012
electricity_hr_2013_lc,HR,Croatia,2013,CoM Table3 EU LC GHG,kg CO2e/kWh,0.117538674983718,totalCarbonfootprintcalculation/CoM-Emission-factors-for-national-electricity-2024.xlsx,grounded,Extracted from Table3_EU_LC year column 2013
electricity_hr_2014_lc,HR,Croatia,2014,CoM Table3 EU LC GHG,kg CO2e/kWh,0.396158571761164,totalCarbonfootprintcalculation/CoM-Emission-factors-for-national-electricity-2024.xlsx,grounded,Extracted from Table3_EU_LC year column 2014
electricity_hr_2015_lc,HR,Croatia,2015,CoM Table3 EU LC GHG,kg CO2e/kWh,0.51672329387041,totalCarbonfootprintcalculation/CoM-Emission-factors-for-national-electricity-2024.xlsx,grounded,Extracted from Table3_EU_LC year column 2015
electricity_hr_2016_lc,HR,Croatia,2016,CoM Table3 EU LC GHG,kg CO2e/kWh,0.550008931490445,totalCarbonfootprintcalculation/CoM-Emission-factors-for-national-electricity-2024.xlsx,grounded,Extracted from Table3_EU_LC year column 2016
electricity_hr_2017_lc,HR,Croatia,2017,CoM Table3 EU LC GHG,kg CO2e/kWh,0.460603808179375,totalCarbonfootprintcalculation/CoM-Emission-factors-for-national-electricity-2024.xlsx,grounded,Extracted from Table3_EU_LC year column 2017
electricity_hr_2018_lc,HR,Croatia,2018,CoM Table3 EU LC GHG,kg CO2e/kWh,0.515765273318299,totalCarbonfootprintcalculation/CoM-Emission-factors-for-national-electricity-2024.xlsx,grounded,Extracted from Table3_EU_LC year column 2018
electricity_hr_2019_lc,HR,Croatia,2019,CoM Table3 EU LC GHG,kg CO2e/kWh,0.385976740925831,totalCarbonfootprintcalculation/CoM-Emission-factors-for-national-electricity-2024.xlsx,grounded,Extracted from Table3_EU_LC year column 2019
electricity_hr_2020_lc,HR,Croatia,2020,CoM Table3 EU LC GHG,kg CO2e/kWh,0.359899894565909,totalCarbonfootprintcalculation/CoM-Emission-factors-for-national-electricity-2024.xlsx,grounded,Extracted from Table3_EU_LC year column 2020
electricity_hr_2021_lc,HR,Croatia,2021,CoM Table3 EU LC GHG,kg CO2e/kWh,0.415837348600323,totalCarbonfootprintcalculation/CoM-Emission-factors-for-national-electricity-2024.xlsx,grounded,Extracted from Table3_EU_LC year column 2021
electricity_it_1990_lc,IT,Italy,1990,CoM Table3 EU LC GHG,kg CO2e/kWh,0.718037511126113,totalCarbonfootprintcalculation/CoM-Emission-factors-for-national-electricity-2024.xlsx,grounded,Extracted from Table3_EU_LC year column 1990
electricity_it_1991_lc,IT,Italy,1991,CoM Table3 EU LC GHG,kg CO2e/kWh,0.693147695098537,totalCarbonfootprintcalculation/CoM-Emission-factors-for-national-electricity-2024.xlsx,grounded,Extracted from Table3_EU_LC year column 1991
electricity_it_1992_lc,IT,Italy,1992,CoM Table3 EU LC GHG,kg CO2e/kWh,0.674444209327722,totalCarbonfootprintcalculation/CoM-Emission-factors-for-national-electricity-2024.xlsx,grounded,Extracted from Table3_EU_LC year column 1992
electricity_it_1993_lc,IT,Italy,1993,CoM Table3 EU LC GHG,kg CO2e/kWh,0.651693163071031,totalCarbonfootprintcalculation/CoM-Emission-factors-for-national-electricity-2024.xlsx,grounded,Extracted from Table3_EU_LC year column 1993
electricity_it_1994_lc,IT,Italy,1994,CoM Table3 EU LC GHG,kg CO2e/kWh,0.643155819720014,totalCarbonfootprintcalculation/CoM-Emission-factors-for-national-electricity-2024.xlsx,grounded,Extracted from Table3_EU_LC year column 1994
electricity_it_1995_lc,IT,Italy,1995,CoM Table3 EU LC GHG,kg CO2e/kWh,0.683505206166544,totalCarbonfootprintcalculation/CoM-Emission-factors-for-national-electricity-2024.xlsx,grounded,Extracted from Table3_EU_LC year column 1995
electricity_it_1996_lc,IT,Italy,1996,CoM Table3 EU LC GHG,kg CO2e/kWh,0.662052531353738,totalCarbonfootprintcalculation/CoM-Emission-factors-for-national-electricity-2024.xlsx,grounded,Extracted from Table3_EU_LC year column 1996
electricity_it_1997_lc,IT,Italy,1997,CoM Table3 EU LC GHG,kg CO2e/kWh,0.648308666135986,totalCarbonfootprintcalculation/CoM-Emission-factors-for-national-electricity-2024.xlsx,grounded,Extracted from Table3_EU_LC year column 1997
electricity_it_1998_lc,IT,Italy,1998,CoM Table3 EU LC GHG,kg CO2e/kWh,0.653587168338057,totalCarbonfootprintcalculation/CoM-Emission-factors-for-national-electricity-2024.xlsx,grounded,Extracted from Table3_EU_LC year column 1998
electricity_it_1999_lc,IT,Italy,1999,CoM Table3 EU LC GHG,kg CO2e/kWh,0.633526102173685,totalCarbonfootprintcalculation/CoM-Emission-factors-for-national-electricity-2024.xlsx,grounded,Extracted from Table3_EU_LC year column 1999
electricity_it_2000_lc,IT,Italy,2000,CoM Table3 EU LC GHG,kg CO2e/kWh,0.640917960638401,totalCarbonfootprintcalculation/CoM-Emission-factors-for-national-electricity-2024.xlsx,grounded,Extracted from Table3_EU_LC year column 2000
electricity_it_2001_lc,IT,Italy,2001,CoM Table3 EU LC GHG,kg CO2e/kWh,0.609619223676396,totalCarbonfootprintcalculation/CoM-Emission-factors-for-national-electricity-2024.xlsx,grounded,Extracted from Table3_EU_LC year column 2001
electricity_it_2002_lc,IT,Italy,2002,CoM Table3 EU LC GHG,kg CO2e/kWh,0.639044548675066,totalCarbonfootprintcalculation/CoM-Emission-factors-for-national-electricity-2024.xlsx,grounded,Extracted from Table3_EU_LC year column 2002
electricity_it_2003_lc,IT,Italy,2003,CoM Table3 EU LC GHG,kg CO2e/kWh,0.651808336270681,totalCarbonfootprintcalculation/CoM-Emission-factors-for-national-electricity-2024.xlsx,grounded,Extracted from Table3_EU_LC year column 2003
electricity_it_2004_lc,IT,Italy,2004,CoM Table3 EU LC GHG,kg CO2e/kWh,0.642495714403544,totalCarbonfootprintcalculation/CoM-Emission-factors-for-national-electricity-2024.xlsx,grounded,Extracted from Table3_EU_LC year column 2004
electricity_it_2005_lc,IT,Italy,2005,CoM Table3 EU LC GHG,kg CO2e/kWh,0.61864243163089,totalCarbonfootprintcalculation/CoM-Emission-factors-for-national-electricity-2024.xlsx,grounded,Extracted from Table3_EU_LC year column 2005
electricity_it_2006_lc,IT,Italy,2006,CoM Table3 EU LC GHG,kg CO2e/kWh,0.61673926501209,totalCarbonfootprintcalculation/CoM-Emission-factors-for-national-electricity-2024.xlsx,grounded,Extracted from Table3_EU_LC year column 2006
electricity_it_2007_lc,IT,Italy,2007,CoM Table3 EU LC GHG,kg CO2e/kWh,0.601890008086454,totalCarbonfootprintcalculation/CoM-Emission-factors-for-national-electricity-2024.xlsx,grounded,Extracted from Table3_EU_LC year column 2007
electricity_it_2008_lc,IT,Italy,2008,CoM Table3 EU LC GHG,kg CO2e/kWh,0.583014977497516,totalCarbonfootprintcalculation/CoM-Emission-factors-for-national-electricity-2024.xlsx,grounded,Extracted from Table3_EU_LC year column 2008
electricity_it_2009_lc,IT,Italy,2009,CoM Table3 EU LC GHG,kg CO2e/kWh,0.536312435912779,totalCarbonfootprintcalculation/CoM-Emission-factors-for-national-electricity-2024.xlsx,grounded,Extracted from Table3_EU_LC year column 2009
electricity_it_2010_lc,IT,Italy,2010,CoM Table3 EU LC GHG,kg CO2e/kWh,0.533213534024273,totalCarbonfootprintcalculation/CoM-Emission-factors-for-national-electricity-2024.xlsx,grounded,Extracted from Table3_EU_LC year column 2010
electricity_it_2011_lc,IT,Italy,2011,CoM Table3 EU LC GHG,kg CO2e/kWh,0.520549614522405,totalCarbonfootprintcalculation/CoM-Emission-factors-for-national-electricity-2024.xlsx,grounded,Extracted from Table3_EU_LC year column 2011
electricity_it_2012_lc,IT,Italy,2012,CoM Table3 EU LC GHG,kg CO2e/kWh,0.511170144926593,totalCarbonfootprintcalculation/CoM-Emission-factors-for-national-electricity-2024.xlsx,grounded,Extracted from Table3_EU_LC year column 2012
electricity_it_2013_lc,IT,Italy,2013,CoM Table3 EU LC GHG,kg CO2e/kWh,0.452674022007273,totalCarbonfootprintcalculation/CoM-Emission-factors-for-national-electricity-2024.xlsx,grounded,Extracted from Table3_EU_LC year column 2013
electricity_it_2014_lc,IT,Italy,2014,CoM Table3 EU LC GHG,kg CO2e/kWh,0.425518358208683,totalCarbonfootprintcalculation/CoM-Emission-factors-for-national-electricity-2024.xlsx,grounded,Extracted from Table3_EU_LC year column 2014
electricity_it_2015_lc,IT,Italy,2015,CoM Table3 EU LC GHG,kg CO2e/kWh,0.437124354575105,totalCarbonfootprintcalculation/CoM-Emission-factors-for-national-electricity-2024.xlsx,grounded,Extracted from Table3_EU_LC year column 2015
electricity_it_2016_lc,IT,Italy,2016,CoM Table3 EU LC GHG,kg CO2e/kWh,0.433000660790227,totalCarbonfootprintcalculation/CoM-Emission-factors-for-national-electricity-2024.xlsx,grounded,Extracted from Table3_EU_LC year column 2016
electricity_it_2017_lc,IT,Italy,2017,CoM Table3 EU LC GHG,kg CO2e/kWh,0.432083741204007,totalCarbonfootprintcalculation/CoM-Emission-factors-for-national-electricity-2024.xlsx,grounded,Extracted from Table3_EU_LC year column 2017
electricity_it_2018_lc,IT,Italy,2018,CoM Table3 EU LC GHG,kg CO2e/kWh,0.402736706123646,totalCarbonfootprintcalculation/CoM-Emission-factors-for-national-electricity-2024.xlsx,grounded,Extracted from Table3_EU_LC year column 2018
electricity_it_2019_lc,IT,Italy,2019,CoM Table3 EU LC GHG,kg CO2e/kWh,0.381987445936013,totalCarbonfootprintcalculation/CoM-Emission-factors-for-national-electricity-2024.xlsx,grounded,Extracted from Table3_EU_LC year column 2019
electricity_it_2020_lc,IT,Italy,2020,CoM Table3 EU LC GHG,kg CO2e/kWh,0.368211275232128,totalCarbonfootprintcalculation/CoM-Emission-factors-for-national-electricity-2024.xlsx,grounded,Extracted from Table3_EU_LC year column 2020
electricity_it_2021_lc,IT,Italy,2021,CoM Table3 EU LC GHG,kg CO2e/kWh,0.383324775381648,totalCarbonfootprintcalculation/CoM-Emission-factors-for-national-electricity-2024.xlsx,grounded,Extracted from Table3_EU_LC year column 2021
electricity_cy_1990_lc,CY,Cyprus,1990,CoM Table3 EU LC GHG,kg CO2e/kWh,1.15385946398659,totalCarbonfootprintcalculation/CoM-Emission-factors-for-national-electricity-2024.xlsx,grounded,Extracted from Table3_EU_LC year column 1990
electricity_cy_1991_lc,CY,Cyprus,1991,CoM Table3 EU LC GHG,kg CO2e/kWh,1.14386515183803,totalCarbonfootprintcalculation/CoM-Emission-factors-for-national-electricity-2024.xlsx,grounded,Extracted from Table3_EU_LC year column 1991
electricity_cy_1992_lc,CY,Cyprus,1992,CoM Table3 EU LC GHG,kg CO2e/kWh,1.1865836767343,totalCarbonfootprintcalculation/CoM-Emission-factors-for-national-electricity-2024.xlsx,grounded,Extracted from Table3_EU_LC year column 1992
electricity_cy_1993_lc,CY,Cyprus,1993,CoM Table3 EU LC GHG,kg CO2e/kWh,1.16066175270679,totalCarbonfootprintcalculation/CoM-Emission-factors-for-national-electricity-2024.xlsx,grounded,Extracted from Table3_EU_LC year column 1993
electricity_cy_1994_lc,CY,Cyprus,1994,CoM Table3 EU LC GHG,kg CO2e/kWh,1.15696980182421,totalCarbonfootprintcalculation/CoM-Emission-factors-for-national-electricity-2024.xlsx,grounded,Extracted from Table3_EU_LC year column 1994
electricity_cy_1995_lc,CY,Cyprus,1995,CoM Table3 EU LC GHG,kg CO2e/kWh,1.15468471749887,totalCarbonfootprintcalculation/CoM-Emission-factors-for-national-electricity-2024.xlsx,grounded,Extracted from Table3_EU_LC year column 1995
electricity_cy_1996_lc,CY,Cyprus,1996,CoM Table3 EU LC GHG,kg CO2e/kWh,1.18113802131361,totalCarbonfootprintcalculation/CoM-Emission-factors-for-national-electricity-2024.xlsx,grounded,Extracted from Table3_EU_LC year column 1996
electricity_cy_1997_lc,CY,Cyprus,1997,CoM Table3 EU LC GHG,kg CO2e/kWh,1.20424799034424,totalCarbonfootprintcalculation/CoM-Emission-factors-for-national-electricity-2024.xlsx,grounded,Extracted from Table3_EU_LC year column 1997
electricity_cy_1998_lc,CY,Cyprus,1998,CoM Table3 EU LC GHG,kg CO2e/kWh,1.20600141873804,totalCarbonfootprintcalculation/CoM-Emission-factors-for-national-electricity-2024.xlsx,grounded,Extracted from Table3_EU_LC year column 1998
electricity_cy_1999_lc,CY,Cyprus,1999,CoM Table3 EU LC GHG,kg CO2e/kWh,1.21513941221098,totalCarbonfootprintcalculation/CoM-Emission-factors-for-national-electricity-2024.xlsx,grounded,Extracted from Table3_EU_LC year column 1999
electricity_cy_2000_lc,CY,Cyprus,2000,CoM Table3 EU LC GHG,kg CO2e/kWh,1.17861416622162,totalCarbonfootprintcalculation/CoM-Emission-factors-for-national-electricity-2024.xlsx,grounded,Extracted from Table3_EU_LC year column 2000
electricity_cy_2001_lc,CY,Cyprus,2001,CoM Table3 EU LC GHG,kg CO2e/kWh,1.10917978874598,totalCarbonfootprintcalculation/CoM-Emission-factors-for-national-electricity-2024.xlsx,grounded,Extracted from Table3_EU_LC year column 2001
electricity_cy_2002_lc,CY,Cyprus,2002,CoM Table3 EU LC GHG,kg CO2e/kWh,1.056176977548,totalCarbonfootprintcalculation/CoM-Emission-factors-for-national-electricity-2024.xlsx,grounded,Extracted from Table3_EU_LC year column 2002
electricity_cy_2003_lc,CY,Cyprus,2003,CoM Table3 EU LC GHG,kg CO2e/kWh,1.15716573944048,totalCarbonfootprintcalculation/CoM-Emission-factors-for-national-electricity-2024.xlsx,grounded,Extracted from Table3_EU_LC year column 2003
electricity_cy_2004_lc,CY,Cyprus,2004,CoM Table3 EU LC GHG,kg CO2e/kWh,1.08168798926748,totalCarbonfootprintcalculation/CoM-Emission-factors-for-national-electricity-2024.xlsx,grounded,Extracted from Table3_EU_LC year column 2004
electricity_cy_2005_lc,CY,Cyprus,2005,CoM Table3 EU LC GHG,kg CO2e/kWh,1.08944138896639,totalCarbonfootprintcalculation/CoM-Emission-factors-for-national-electricity-2024.xlsx,grounded,Extracted from Table3_EU_LC year column 2005
electricity_cy_2006_lc,CY,Cyprus,2006,CoM Table3 EU LC GHG,kg CO2e/kWh,1.05729925258285,totalCarbonfootprintcalculation/CoM-Emission-factors-for-national-electricity-2024.xlsx,grounded,Extracted from Table3_EU_LC year column 2006
electricity_cy_2007_lc,CY,Cyprus,2007,CoM Table3 EU LC GHG,kg CO2e/kWh,1.05709385990415,totalCarbonfootprintcalculation/CoM-Emission-factors-for-national-electricity-2024.xlsx,grounded,Extracted from Table3_EU_LC year column 2007
electricity_cy_2008_lc,CY,Cyprus,2008,CoM Table3 EU LC GHG,kg CO2e/kWh,1.04630618996602,totalCarbonfootprintcalculation/CoM-Emission-factors-for-national-electricity-2024.xlsx,grounded,Extracted from Table3_EU_LC year column 2008
electricity_cy_2009_lc,CY,Cyprus,2009,CoM Table3 EU LC GHG,kg CO2e/kWh,1.03684329730969,totalCarbonfootprintcalculation/CoM-Emission-factors-for-national-electricity-2024.xlsx,grounded,Extracted from Table3_EU_LC year column 2009
electricity_cy_2010_lc,CY,Cyprus,2010,CoM Table3 EU LC GHG,kg CO2e/kWh,0.973321016531298,totalCarbonfootprintcalculation/CoM-Emission-factors-for-national-electricity-2024.xlsx,grounded,Extracted from Table3_EU_LC year column 2010
electricity_cy_2011_lc,CY,Cyprus,2011,CoM Table3 EU LC GHG,kg CO2e/kWh,0.969595984922219,totalCarbonfootprintcalculation/CoM-Emission-factors-for-national-electricity-2024.xlsx,grounded,Extracted from Table3_EU_LC year column 2011
electricity_cy_2012_lc,CY,Cyprus,2012,CoM Table3 EU LC GHG,kg CO2e/kWh,0.992389399751204,totalCarbonfootprintcalculation/CoM-Emission-factors-for-national-electricity-2024.xlsx,grounded,Extracted from Table3_EU_LC year column 2012
electricity_cy_2013_lc,CY,Cyprus,2013,CoM Table3 EU LC GHG,kg CO2e/kWh,0.895084595352017,totalCarbonfootprintcalculation/CoM-Emission-factors-for-national-electricity-2024.xlsx,grounded,Extracted from Table3_EU_LC year column 2013
electricity_cy_2014_lc,CY,Cyprus,2014,CoM Table3 EU LC GHG,kg CO2e/kWh,0.908741264256093,totalCarbonfootprintcalculation/CoM-Emission-factors-for-national-electricity-2024.xlsx,grounded,Extracted from Table3_EU_LC year column 2014
electricity_cy_2015_lc,CY,Cyprus,2015,CoM Table3 EU LC GHG,kg CO2e/kWh,0.90876124606396,totalCarbonfootprintcalculation/CoM-Emission-factors-for-national-electricity-2024.xlsx,grounded,Extracted from Table3_EU_LC year column 2015
electricity_cy_2016_lc,CY,Cyprus,2016,CoM Table3 EU LC GHG,kg CO2e/kWh,0.920721922650517,totalCarbonfootprintcalculation/CoM-Emission-factors-for-national-electricity-2024.xlsx,grounded,Extracted from Table3_EU_LC year column 2016
electricity_cy_2017_lc,CY,Cyprus,2017,CoM Table3 EU LC GHG,kg CO2e/kWh,0.899328123388046,totalCarbonfootprintcalculation/CoM-Emission-factors-for-national-electricity-2024.xlsx,grounded,Extracted from Table3_EU_LC year column 2017
electricity_cy_2018_lc,CY,Cyprus,2018,CoM Table3 EU LC GHG,kg CO2e/kWh,0.88592288436213,totalCarbonfootprintcalculation/CoM-Emission-factors-for-national-electricity-2024.xlsx,grounded,Extracted from Table3_EU_LC year column 2018
electricity_cy_2019_lc,CY,Cyprus,2019,CoM Table3 EU LC GHG,kg CO2e/kWh,0.858811902888308,totalCarbonfootprintcalculation/CoM-Emission-factors-for-national-electricity-2024.xlsx,grounded,Extracted from Table3_EU_LC year column 2019
electricity_cy_2020_lc,CY,Cyprus,2020,CoM Table3 EU LC GHG,kg CO2e/kWh,0.863500301498113,totalCarbonfootprintcalculation/CoM-Emission-factors-for-national-electricity-2024.xlsx,grounded,Extracted from Table3_EU_LC year column 2020
electricity_cy_2021_lc,CY,Cyprus,2021,CoM Table3 EU LC GHG,kg CO2e/kWh,0.832669224929866,totalCarbonfootprintcalculation/CoM-Emission-factors-for-national-electricity-2024.xlsx,grounded,Extracted from Table3_EU_LC year column 2021
electricity_lv_1990_lc,LV,Latvia,1990,CoM Table3 EU LC GHG,kg CO2e/kWh,0.0549065947137826,totalCarbonfootprintcalculation/CoM-Emission-factors-for-national-electricity-2024.xlsx,grounded,Extracted from Table3_EU_LC year column 1990
electricity_lv_1991_lc,LV,Latvia,1991,CoM Table3 EU LC GHG,kg CO2e/kWh,0.236936952371319,totalCarbonfootprintcalculation/CoM-Emission-factors-for-national-electricity-2024.xlsx,grounded,Extracted from Table3_EU_LC year column 1991
electricity_lv_1992_lc,LV,Latvia,1992,CoM Table3 EU LC GHG,kg CO2e/kWh,0.1091456306119,totalCarbonfootprintcalculation/CoM-Emission-factors-for-national-electricity-2024.xlsx,grounded,Extracted from Table3_EU_LC year column 1992
electricity_lv_1993_lc,LV,Latvia,1993,CoM Table3 EU LC GHG,kg CO2e/kWh,0.589394252728957,totalCarbonfootprintcalculation/CoM-Emission-factors-for-national-electricity-2024.xlsx,grounded,Extracted from Table3_EU_LC year column 1993
electricity_lv_1994_lc,LV,Latvia,1994,CoM Table3 EU LC GHG,kg CO2e/kWh,0.515225330201488,totalCarbonfootprintcalculation/CoM-Emission-factors-for-national-electricity-2024.xlsx,grounded,Extracted from Table3_EU_LC year column 1994
electricity_lv_1995_lc,LV,Latvia,1995,CoM Table3 EU LC GHG,kg CO2e/kWh,0.372003936480528,totalCarbonfootprintcalculation/CoM-Emission-factors-for-national-electricity-2024.xlsx,grounded,Extracted from Table3_EU_LC year column 1995
electricity_lv_1996_lc,LV,Latvia,1996,CoM Table3 EU LC GHG,kg CO2e/kWh,0.495650664672276,totalCarbonfootprintcalculation/CoM-Emission-factors-for-national-electricity-2024.xlsx,grounded,Extracted from Table3_EU_LC year column 1996
electricity_lv_1997_lc,LV,Latvia,1997,CoM Table3 EU LC GHG,kg CO2e/kWh,0.321172582517949,totalCarbonfootprintcalculation/CoM-Emission-factors-for-national-electricity-2024.xlsx,grounded,Extracted from Table3_EU_LC year column 1997
electricity_lv_1998_lc,LV,Latvia,1998,CoM Table3 EU LC GHG,kg CO2e/kWh,0.196465995837326,totalCarbonfootprintcalculation/CoM-Emission-factors-for-national-electricity-2024.xlsx,grounded,Extracted from Table3_EU_LC year column 1998
electricity_lv_1999_lc,LV,Latvia,1999,CoM Table3 EU LC GHG,kg CO2e/kWh,0.408311516619825,totalCarbonfootprintcalculation/CoM-Emission-factors-for-national-electricity-2024.xlsx,grounded,Extracted from Table3_EU_LC year column 1999
electricity_lv_2000_lc,LV,Latvia,2000,CoM Table3 EU LC GHG,kg CO2e/kWh,0.490241339997104,totalCarbonfootprintcalculation/CoM-Emission-factors-for-national-electricity-2024.xlsx,grounded,Extracted from Table3_EU_LC year column 2000
electricity_lv_2001_lc,LV,Latvia,2001,CoM Table3 EU LC GHG,kg CO2e/kWh,0.431348110456474,totalCarbonfootprintcalculation/CoM-Emission-factors-for-national-electricity-2024.xlsx,grounded,Extracted from Table3_EU_LC year column 2001
electricity_lv_2002_lc,LV,Latvia,2002,CoM Table3 EU LC GHG,kg CO2e/kWh,0.353767787314573,totalCarbonfootprintcalculation/CoM-Emission-factors-for-national-electricity-2024.xlsx,grounded,Extracted from Table3_EU_LC year column 2002
electricity_lv_2003_lc,LV,Latvia,2003,CoM Table3 EU LC GHG,kg CO2e/kWh,0.501825454250527,totalCarbonfootprintcalculation/CoM-Emission-factors-for-national-electricity-2024.xlsx,grounded,Extracted from Table3_EU_LC year column 2003
electricity_lv_2004_lc,LV,Latvia,2004,CoM Table3 EU LC GHG,kg CO2e/kWh,0.489370007001698,totalCarbonfootprintcalculation/CoM-Emission-factors-for-national-electricity-2024.xlsx,grounded,Extracted from Table3_EU_LC year column 2004
electricity_lv_2005_lc,LV,Latvia,2005,CoM Table3 EU LC GHG,kg CO2e/kWh,0.505535420404098,totalCarbonfootprintcalculation/CoM-Emission-factors-for-national-electricity-2024.xlsx,grounded,Extracted from Table3_EU_LC year column 2005
electricity_lv_2006_lc,LV,Latvia,2006,CoM Table3 EU LC GHG,kg CO2e/kWh,0.324324149080523,totalCarbonfootprintcalculation/CoM-Emission-factors-for-national-electricity-2024.xlsx,grounded,Extracted from Table3_EU_LC year column 2006
electricity_lv_2007_lc,LV,Latvia,2007,CoM Table3 EU LC GHG,kg CO2e/kWh,0.490491935462485,totalCarbonfootprintcalculation/CoM-Emission-factors-for-national-electricity-2024.xlsx,grounded,Extracted from Table3_EU_LC year column 2007
electricity_lv_2008_lc,LV,Latvia,2008,CoM Table3 EU LC GHG,kg CO2e/kWh,0.507589254541191,totalCarbonfootprintcalculation/CoM-Emission-factors-for-national-electricity-2024.xlsx,grounded,Extracted from Table3_EU_LC year column 2008
electricity_lv_2009_lc,LV,Latvia,2009,CoM Table3 EU LC GHG,kg CO2e/kWh,0.40645541425295,totalCarbonfootprintcalculation/CoM-Emission-factors-for-national-electricity-2024.xlsx,grounded,Extracted from Table3_EU_LC year column 2009
electricity_lv_2010_lc,LV,Latvia,2010,CoM Table3 EU LC GHG,kg CO2e/kWh,0.699346433659125,totalCarbonfootprintcalculation/CoM-Emission-factors-for-national-electricity-2024.xlsx,grounded,Extracted from Table3_EU_LC year column 2010
electricity_lv_2011_lc,LV,Latvia,2011,CoM Table3 EU LC GHG,kg CO2e/kWh,0.703830933575729,totalCarbonfootprintcalculation/CoM-Emission-factors-for-national-electricity-2024.xlsx,grounded,Extracted from Table3_EU_LC year column 2011
electricity_lv_2012_lc,LV,Latvia,2012,CoM Table3 EU LC GHG,kg CO2e/kWh,0.710664885305184,totalCarbonfootprintcalculation/CoM-Emission-factors-for-national-electricity-2024.xlsx,grounded,Extracted from Table3_EU_LC year column 2012
electricity_lv_2013_lc,LV,Latvia,2013,CoM Table3 EU LC GHG,kg CO2e/kWh,0.805143725570927,totalCarbonfootprintcalculation/CoM-Emission-factors-for-national-electricity-2024.xlsx,grounded,Extracted from Table3_EU_LC year column 2013
electricity_lv_2014_lc,LV,Latvia,2014,CoM Table3 EU LC GHG,kg CO2e/kWh,0.839240112984235,totalCarbonfootprintcalculation/CoM-Emission-factors-for-national-electricity-2024.xlsx,grounded,Extracted from Table3_EU_LC year column 2014
electricity_lv_2015_lc,LV,Latvia,2015,CoM Table3 EU LC GHG,kg CO2e/kWh,0.825688194470815,totalCarbonfootprintcalculation/CoM-Emission-factors-for-national-electricity-2024.xlsx,grounded,Extracted from Table3_EU_LC year column 2015
electricity_lv_2016_lc,LV,Latvia,2016,CoM Table3 EU LC GHG,kg CO2e/kWh,0.658044095019136,totalCarbonfootprintcalculation/CoM-Emission-factors-for-national-electricity-2024.xlsx,grounded,Extracted from Table3_EU_LC year column 2016
electricity_lv_2017_lc,LV,Latvia,2017,CoM Table3 EU LC GHG,kg CO2e/kWh,0.51830288711941,totalCarbonfootprintcalculation/CoM-Emission-factors-for-national-electricity-2024.xlsx,grounded,Extracted from Table3_EU_LC year column 2017
electricity_lv_2018_lc,LV,Latvia,2018,CoM Table3 EU LC GHG,kg CO2e/kWh,0.654838685874989,totalCarbonfootprintcalculation/CoM-Emission-factors-for-national-electricity-2024.xlsx,grounded,Extracted from Table3_EU_LC year column 2018
electricity_lv_2019_lc,LV,Latvia,2019,CoM Table3 EU LC GHG,kg CO2e/kWh,0.47703874876017,totalCarbonfootprintcalculation/CoM-Emission-factors-for-national-electricity-2024.xlsx,grounded,Extracted from Table3_EU_LC year column 2019
electricity_lv_2020_lc,LV,Latvia,2020,CoM Table3 EU LC GHG,kg CO2e/kWh,0.317265402594084,totalCarbonfootprintcalculation/CoM-Emission-factors-for-national-electricity-2024.xlsx,grounded,Extracted from Table3_EU_LC year column 2020
electricity_lv_2021_lc,LV,Latvia,2021,CoM Table3 EU LC GHG,kg CO2e/kWh,0.436931769973193,totalCarbonfootprintcalculation/CoM-Emission-factors-for-national-electricity-2024.xlsx,grounded,Extracted from Table3_EU_LC year column 2021
electricity_lt_1990_lc,LT,Lithuania,1990,CoM Table3 EU LC GHG,kg CO2e/kWh,0.305338463123163,totalCarbonfootprintcalculation/CoM-Emission-factors-for-national-electricity-2024.xlsx,grounded,Extracted from Table3_EU_LC year column 1990
electricity_lt_1991_lc,LT,Lithuania,1991,CoM Table3 EU LC GHG,kg CO2e/kWh,0.336795376322351,totalCarbonfootprintcalculation/CoM-Emission-factors-for-national-electricity-2024.xlsx,grounded,Extracted from Table3_EU_LC year column 1991
electricity_lt_1992_lc,LT,Lithuania,1992,CoM Table3 EU LC GHG,kg CO2e/kWh,0.251992335817625,totalCarbonfootprintcalculation/CoM-Emission-factors-for-national-electricity-2024.xlsx,grounded,Extracted from Table3_EU_LC year column 1992
electricity_lt_1993_lc,LT,Lithuania,1993,CoM Table3 EU LC GHG,kg CO2e/kWh,0.259082067387207,totalCarbonfootprintcalculation/CoM-Emission-factors-for-national-electricity-2024.xlsx,grounded,Extracted from Table3_EU_LC year column 1993
electricity_lt_1994_lc,LT,Lithuania,1994,CoM Table3 EU LC GHG,kg CO2e/kWh,0.273143339410975,totalCarbonfootprintcalculation/CoM-Emission-factors-for-national-electricity-2024.xlsx,grounded,Extracted from Table3_EU_LC year column 1994
electricity_lt_1995_lc,LT,Lithuania,1995,CoM Table3 EU LC GHG,kg CO2e/kWh,0.261315347688239,totalCarbonfootprintcalculation/CoM-Emission-factors-for-national-electricity-2024.xlsx,grounded,Extracted from Table3_EU_LC year column 1995
electricity_lt_1996_lc,LT,Lithuania,1996,CoM Table3 EU LC GHG,kg CO2e/kWh,0.315875067765965,totalCarbonfootprintcalculation/CoM-Emission-factors-for-national-electricity-2024.xlsx,grounded,Extracted from Table3_EU_LC year column 1996
electricity_lt_1997_lc,LT,Lithuania,1997,CoM Table3 EU LC GHG,kg CO2e/kWh,0.254459495151391,totalCarbonfootprintcalculation/CoM-Emission-factors-for-national-electricity-2024.xlsx,grounded,Extracted from Table3_EU_LC year column 1997
electricity_lt_1998_lc,LT,Lithuania,1998,CoM Table3 EU LC GHG,kg CO2e/kWh,0.297681642276402,totalCarbonfootprintcalculation/CoM-Emission-factors-for-national-electricity-2024.xlsx,grounded,Extracted from Table3_EU_LC year column 1998
electricity_lt_1999_lc,LT,Lithuania,1999,CoM Table3 EU LC GHG,kg CO2e/kWh,0.292772744306048,totalCarbonfootprintcalculation/CoM-Emission-factors-for-national-electricity-2024.xlsx,grounded,Extracted from Table3_EU_LC year column 1999
electricity_lt_2000_lc,LT,Lithuania,2000,CoM Table3 EU LC GHG,kg CO2e/kWh,0.249921761426867,totalCarbonfootprintcalculation/CoM-Emission-factors-for-national-electricity-2024.xlsx,grounded,Extracted from Table3_EU_LC year column 2000
electricity_lt_2001_lc,LT,Lithuania,2001,CoM Table3 EU LC GHG,kg CO2e/kWh,0.252303442904961,totalCarbonfootprintcalculation/CoM-Emission-factors-for-national-electricity-2024.xlsx,grounded,Extracted from Table3_EU_LC year column 2001
electricity_lt_2002_lc,LT,Lithuania,2002,CoM Table3 EU LC GHG,kg CO2e/kWh,0.220505435084618,totalCarbonfootprintcalculation/CoM-Emission-factors-for-national-electricity-2024.xlsx,grounded,Extracted from Table3_EU_LC year column 2002
electricity_lt_2003_lc,LT,Lithuania,2003,CoM Table3 EU LC GHG,kg CO2e/kWh,0.216747703789595,totalCarbonfootprintcalculation/CoM-Emission-factors-for-national-electricity-2024.xlsx,grounded,Extracted from Table3_EU_LC year column 2003
electricity_lt_2004_lc,LT,Lithuania,2004,CoM Table3 EU LC GHG,kg CO2e/kWh,0.206273430876346,totalCarbonfootprintcalculation/CoM-Emission-factors-for-national-electricity-2024.xlsx,grounded,Extracted from Table3_EU_LC year column 2004
electricity_lt_2005_lc,LT,Lithuania,2005,CoM Table3 EU LC GHG,kg CO2e/kWh,0.204166314044982,totalCarbonfootprintcalculation/CoM-Emission-factors-for-national-electricity-2024.xlsx,grounded,Extracted from Table3_EU_LC year column 2005
electricity_lt_2006_lc,LT,Lithuania,2006,CoM Table3 EU LC GHG,kg CO2e/kWh,0.199309319884655,totalCarbonfootprintcalculation/CoM-Emission-factors-for-national-electricity-2024.xlsx,grounded,Extracted from Table3_EU_LC year column 2006
electricity_lt_2007_lc,LT,Lithuania,2007,CoM Table3 EU LC GHG,kg CO2e/kWh,0.169428315067885,totalCarbonfootprintcalculation/CoM-Emission-factors-for-national-electricity-2024.xlsx,grounded,Extracted from Table3_EU_LC year column 2007
electricity_lt_2008_lc,LT,Lithuania,2008,CoM Table3 EU LC GHG,kg CO2e/kWh,0.16925625848419,totalCarbonfootprintcalculation/CoM-Emission-factors-for-national-electricity-2024.xlsx,grounded,Extracted from Table3_EU_LC year column 2008
electricity_lt_2009_lc,LT,Lithuania,2009,CoM Table3 EU LC GHG,kg CO2e/kWh,0.182321109503796,totalCarbonfootprintcalculation/CoM-Emission-factors-for-national-electricity-2024.xlsx,grounded,Extracted from Table3_EU_LC year column 2009
electricity_lt_2010_lc,LT,Lithuania,2010,CoM Table3 EU LC GHG,kg CO2e/kWh,0.215407559004785,totalCarbonfootprintcalculation/CoM-Emission-factors-for-national-electricity-2024.xlsx,grounded,Extracted from Table3_EU_LC year column 2010
electricity_lt_2011_lc,LT,Lithuania,2011,CoM Table3 EU LC GHG,kg CO2e/kWh,0.178838558300223,totalCarbonfootprintcalculation/CoM-Emission-factors-for-national-electricity-2024.xlsx,grounded,Extracted from Table3_EU_LC year column 2011
electricity_lt_2012_lc,LT,Lithuania,2012,CoM Table3 EU LC GHG,kg CO2e/kWh,0.170220107136822,totalCarbonfootprintcalculation/CoM-Emission-factors-for-national-electricity-2024.xlsx,grounded,Extracted from Table3_EU_LC year column 2012
electricity_lt_2013_lc,LT,Lithuania,2013,CoM Table3 EU LC GHG,kg CO2e/kWh,0.164865362225665,totalCarbonfootprintcalculation/CoM-Emission-factors-for-national-electricity-2024.xlsx,grounded,Extracted from Table3_EU_LC year column 2013
electricity_lt_2014_lc,LT,Lithuania,2014,CoM Table3 EU LC GHG,kg CO2e/kWh,0.130303261739913,totalCarbonfootprintcalculation/CoM-Emission-factors-for-national-electricity-2024.xlsx,grounded,Extracted from Table3_EU_LC year column 2014
electricity_lt_2015_lc,LT,Lithuania,2015,CoM Table3 EU LC GHG,kg CO2e/kWh,0.163568264018873,totalCarbonfootprintcalculation/CoM-Emission-factors-for-national-electricity-2024.xlsx,grounded,Extracted from Table3_EU_LC year column 2015
electricity_lt_2016_lc,LT,Lithuania,2016,CoM Table3 EU LC GHG,kg CO2e/kWh,0.123244532065985,totalCarbonfootprintcalculation/CoM-Emission-factors-for-national-electricity-2024.xlsx,grounded,Extracted from Table3_EU_LC year column 2016
electricity_lt_2017_lc,LT,Lithuania,2017,CoM Table3 EU LC GHG,kg CO2e/kWh,0.0897767322723487,totalCarbonfootprintcalculation/CoM-Emission-factors-for-national-electricity-2024.xlsx,grounded,Extracted from Table3_EU_LC year column 2017
electricity_lt_2018_lc,LT,Lithuania,2018,CoM Table3 EU LC GHG,kg CO2e/kWh,0.128998239766565,totalCarbonfootprintcalculation/CoM-Emission-factors-for-national-electricity-2024.xlsx,grounded,Extracted from Table3_EU_LC year column 2018
electricity_lt_2019_lc,LT,Lithuania,2019,CoM Table3 EU LC GHG,kg CO2e/kWh,0.0890415362509898,totalCarbonfootprintcalculation/CoM-Emission-factors-for-national-electricity-2024.xlsx,grounded,Extracted from Table3_EU_LC year column 2019
electricity_lt_2020_lc,LT,Lithuania,2020,CoM Table3 EU LC GHG,kg CO2e/kWh,0.0828064760244988,totalCarbonfootprintcalculation/CoM-Emission-factors-for-national-electricity-2024.xlsx,grounded,Extracted from Table3_EU_LC year column 2020
electricity_lt_2021_lc,LT,Lithuania,2021,CoM Table3 EU LC GHG,kg CO2e/kWh,0.0995342295106391,totalCarbonfootprintcalculation/CoM-Emission-factors-for-national-electricity-2024.xlsx,grounded,Extracted from Table3_EU_LC year column 2021
electricity_lu_1990_lc,LU,Luxembourg,1990,CoM Table3 EU LC GHG,kg CO2e/kWh,0.918218207452247,totalCarbonfootprintcalculation/CoM-Emission-factors-for-national-electricity-2024.xlsx,grounded,Extracted from Table3_EU_LC year column 1990
electricity_lu_1991_lc,LU,Luxembourg,1991,CoM Table3 EU LC GHG,kg CO2e/kWh,0.976644297950047,totalCarbonfootprintcalculation/CoM-Emission-factors-for-national-electricity-2024.xlsx,grounded,Extracted from Table3_EU_LC year column 1991
electricity_lu_1992_lc,LU,Luxembourg,1992,CoM Table3 EU LC GHG,kg CO2e/kWh,0.894205901617099,totalCarbonfootprintcalculation/CoM-Emission-factors-for-national-electricity-2024.xlsx,grounded,Extracted from Table3_EU_LC year column 1992
electricity_lu_1993_lc,LU,Luxembourg,1993,CoM Table3 EU LC GHG,kg CO2e/kWh,0.887375634957752,totalCarbonfootprintcalculation/CoM-Emission-factors-for-national-electricity-2024.xlsx,grounded,Extracted from Table3_EU_LC year column 1993
electricity_lu_1994_lc,LU,Luxembourg,1994,CoM Table3 EU LC GHG,kg CO2e/kWh,0.818251856254143,totalCarbonfootprintcalculation/CoM-Emission-factors-for-national-electricity-2024.xlsx,grounded,Extracted from Table3_EU_LC year column 1994
electricity_lu_1995_lc,LU,Luxembourg,1995,CoM Table3 EU LC GHG,kg CO2e/kWh,0.75403408797031,totalCarbonfootprintcalculation/CoM-Emission-factors-for-national-electricity-2024.xlsx,grounded,Extracted from Table3_EU_LC year column 1995
electricity_lu_1996_lc,LU,Luxembourg,1996,CoM Table3 EU LC GHG,kg CO2e/kWh,0.728461653802323,totalCarbonfootprintcalculation/CoM-Emission-factors-for-national-electricity-2024.xlsx,grounded,Extracted from Table3_EU_LC year column 1996
electricity_lu_1997_lc,LU,Luxembourg,1997,CoM Table3 EU LC GHG,kg CO2e/kWh,0.68627230495075,totalCarbonfootprintcalculation/CoM-Emission-factors-for-national-electricity-2024.xlsx,grounded,Extracted from Table3_EU_LC year column 1997
electricity_lu_1998_lc,LU,Luxembourg,1998,CoM Table3 EU LC GHG,kg CO2e/kWh,0.661144678944132,totalCarbonfootprintcalculation/CoM-Emission-factors-for-national-electricity-2024.xlsx,grounded,Extracted from Table3_EU_LC year column 1998
electricity_lu_1999_lc,LU,Luxembourg,1999,CoM Table3 EU LC GHG,kg CO2e/kWh,0.591481020820809,totalCarbonfootprintcalculation/CoM-Emission-factors-for-national-electricity-2024.xlsx,grounded,Extracted from Table3_EU_LC year column 1999
electricity_lu_2000_lc,LU,Luxembourg,2000,CoM Table3 EU LC GHG,kg CO2e/kWh,0.580144171273702,totalCarbonfootprintcalculation/CoM-Emission-factors-for-national-electricity-2024.xlsx,grounded,Extracted from Table3_EU_LC year column 2000
electricity_lu_2001_lc,LU,Luxembourg,2001,CoM Table3 EU LC GHG,kg CO2e/kWh,0.59193623130411,totalCarbonfootprintcalculation/CoM-Emission-factors-for-national-electricity-2024.xlsx,grounded,Extracted from Table3_EU_LC year column 2001
electricity_lu_2002_lc,LU,Luxembourg,2002,CoM Table3 EU LC GHG,kg CO2e/kWh,0.62286283575391,totalCarbonfootprintcalculation/CoM-Emission-factors-for-national-electricity-2024.xlsx,grounded,Extracted from Table3_EU_LC year column 2002
electricity_lu_2003_lc,LU,Luxembourg,2003,CoM Table3 EU LC GHG,kg CO2e/kWh,0.588905469220522,totalCarbonfootprintcalculation/CoM-Emission-factors-for-national-electricity-2024.xlsx,grounded,Extracted from Table3_EU_LC year column 2003
electricity_lu_2004_lc,LU,Luxembourg,2004,CoM Table3 EU LC GHG,kg CO2e/kWh,0.56694885186413,totalCarbonfootprintcalculation/CoM-Emission-factors-for-national-electricity-2024.xlsx,grounded,Extracted from Table3_EU_LC year column 2004
electricity_lu_2005_lc,LU,Luxembourg,2005,CoM Table3 EU LC GHG,kg CO2e/kWh,0.580552908007754,totalCarbonfootprintcalculation/CoM-Emission-factors-for-national-electricity-2024.xlsx,grounded,Extracted from Table3_EU_LC year column 2005
electricity_lu_2006_lc,LU,Luxembourg,2006,CoM Table3 EU LC GHG,kg CO2e/kWh,0.56677473937853,totalCarbonfootprintcalculation/CoM-Emission-factors-for-national-electricity-2024.xlsx,grounded,Extracted from Table3_EU_LC year column 2006
electricity_lu_2007_lc,LU,Luxembourg,2007,CoM Table3 EU LC GHG,kg CO2e/kWh,0.582026817736719,totalCarbonfootprintcalculation/CoM-Emission-factors-for-national-electricity-2024.xlsx,grounded,Extracted from Table3_EU_LC year column 2007
electricity_lu_2008_lc,LU,Luxembourg,2008,CoM Table3 EU LC GHG,kg CO2e/kWh,0.557168754018512,totalCarbonfootprintcalculation/CoM-Emission-factors-for-national-electricity-2024.xlsx,grounded,Extracted from Table3_EU_LC year column 2008
electricity_lu_2009_lc,LU,Luxembourg,2009,CoM Table3 EU LC GHG,kg CO2e/kWh,0.558418101552476,totalCarbonfootprintcalculation/CoM-Emission-factors-for-national-electricity-2024.xlsx,grounded,Extracted from Table3_EU_LC year column 2009
electricity_lu_2010_lc,LU,Luxembourg,2010,CoM Table3 EU LC GHG,kg CO2e/kWh,0.600373607168797,totalCarbonfootprintcalculation/CoM-Emission-factors-for-national-electricity-2024.xlsx,grounded,Extracted from Table3_EU_LC year column 2010
electricity_lu_2011_lc,LU,Luxembourg,2011,CoM Table3 EU LC GHG,kg CO2e/kWh,0.577300791468991,totalCarbonfootprintcalculation/CoM-Emission-factors-for-national-electricity-2024.xlsx,grounded,Extracted from Table3_EU_LC year column 2011
electricity_lu_2012_lc,LU,Luxembourg,2012,CoM Table3 EU LC GHG,kg CO2e/kWh,0.601204939119779,totalCarbonfootprintcalculation/CoM-Emission-factors-for-national-electricity-2024.xlsx,grounded,Extracted from Table3_EU_LC year column 2012
electricity_lu_2013_lc,LU,Luxembourg,2013,CoM Table3 EU LC GHG,kg CO2e/kWh,0.572388778370233,totalCarbonfootprintcalculation/CoM-Emission-factors-for-national-electricity-2024.xlsx,grounded,Extracted from Table3_EU_LC year column 2013
electricity_lu_2014_lc,LU,Luxembourg,2014,CoM Table3 EU LC GHG,kg CO2e/kWh,0.541518153488587,totalCarbonfootprintcalculation/CoM-Emission-factors-for-national-electricity-2024.xlsx,grounded,Extracted from Table3_EU_LC year column 2014
electricity_lu_2015_lc,LU,Luxembourg,2015,CoM Table3 EU LC GHG,kg CO2e/kWh,0.551418960225734,totalCarbonfootprintcalculation/CoM-Emission-factors-for-national-electricity-2024.xlsx,grounded,Extracted from Table3_EU_LC year column 2015
electricity_lu_2016_lc,LU,Luxembourg,2016,CoM Table3 EU LC GHG,kg CO2e/kWh,0.532731573373647,totalCarbonfootprintcalculation/CoM-Emission-factors-for-national-electricity-2024.xlsx,grounded,Extracted from Table3_EU_LC year column 2016
electricity_lu_2017_lc,LU,Luxembourg,2017,CoM Table3 EU LC GHG,kg CO2e/kWh,0.493591267277561,totalCarbonfootprintcalculation/CoM-Emission-factors-for-national-electricity-2024.xlsx,grounded,Extracted from Table3_EU_LC year column 2017
electricity_lu_2018_lc,LU,Luxembourg,2018,CoM Table3 EU LC GHG,kg CO2e/kWh,0.450725927360692,totalCarbonfootprintcalculation/CoM-Emission-factors-for-national-electricity-2024.xlsx,grounded,Extracted from Table3_EU_LC year column 2018
electricity_lu_2019_lc,LU,Luxembourg,2019,CoM Table3 EU LC GHG,kg CO2e/kWh,0.363383756005322,totalCarbonfootprintcalculation/CoM-Emission-factors-for-national-electricity-2024.xlsx,grounded,Extracted from Table3_EU_LC year column 2019
electricity_lu_2020_lc,LU,Luxembourg,2020,CoM Table3 EU LC GHG,kg CO2e/kWh,0.335639295104346,totalCarbonfootprintcalculation/CoM-Emission-factors-for-national-electricity-2024.xlsx,grounded,Extracted from Table3_EU_LC year column 2020
electricity_lu_2021_lc,LU,Luxembourg,2021,CoM Table3 EU LC GHG,kg CO2e/kWh,0.333510483449843,totalCarbonfootprintcalculation/CoM-Emission-factors-for-national-electricity-2024.xlsx,grounded,Extracted from Table3_EU_LC year column 2021
electricity_hu_1990_lc,HU,Hungary,1990,CoM Table3 EU LC GHG,kg CO2e/kWh,0.891102332716312,totalCarbonfootprintcalculation/CoM-Emission-factors-for-national-electricity-2024.xlsx,grounded,Extracted from Table3_EU_LC year column 1990
electricity_hu_1991_lc,HU,Hungary,1991,CoM Table3 EU LC GHG,kg CO2e/kWh,0.871274361864295,totalCarbonfootprintcalculation/CoM-Emission-factors-for-national-electricity-2024.xlsx,grounded,Extracted from Table3_EU_LC year column 1991
electricity_hu_1992_lc,HU,Hungary,1992,CoM Table3 EU LC GHG,kg CO2e/kWh,0.880464149121032,totalCarbonfootprintcalculation/CoM-Emission-factors-for-national-electricity-2024.xlsx,grounded,Extracted from Table3_EU_LC year column 1992
electricity_hu_1993_lc,HU,Hungary,1993,CoM Table3 EU LC GHG,kg CO2e/kWh,0.850942976894144,totalCarbonfootprintcalculation/CoM-Emission-factors-for-national-electricity-2024.xlsx,grounded,Extracted from Table3_EU_LC year column 1993
electricity_hu_1994_lc,HU,Hungary,1994,CoM Table3 EU LC GHG,kg CO2e/kWh,0.793299786703605,totalCarbonfootprintcalculation/CoM-Emission-factors-for-national-electricity-2024.xlsx,grounded,Extracted from Table3_EU_LC year column 1994
electricity_hu_1995_lc,HU,Hungary,1995,CoM Table3 EU LC GHG,kg CO2e/kWh,0.818329778900606,totalCarbonfootprintcalculation/CoM-Emission-factors-for-national-electricity-2024.xlsx,grounded,Extracted from Table3_EU_LC year column 1995
electricity_hu_1996_lc,HU,Hungary,1996,CoM Table3 EU LC GHG,kg CO2e/kWh,0.780374484213648,totalCarbonfootprintcalculation/CoM-Emission-factors-for-national-electricity-2024.xlsx,grounded,Extracted from Table3_EU_LC year column 1996
electricity_hu_1997_lc,HU,Hungary,1997,CoM Table3 EU LC GHG,kg CO2e/kWh,0.791057666220409,totalCarbonfootprintcalculation/CoM-Emission-factors-for-national-electricity-2024.xlsx,grounded,Extracted from Table3_EU_LC year column 1997
electricity_hu_1998_lc,HU,Hungary,1998,CoM Table3 EU LC GHG,kg CO2e/kWh,0.816887680248221,totalCarbonfootprintcalculation/CoM-Emission-factors-for-national-electricity-2024.xlsx,grounded,Extracted from Table3_EU_LC year column 1998
electricity_hu_1999_lc,HU,Hungary,1999,CoM Table3 EU LC GHG,kg CO2e/kWh,0.821323587286163,totalCarbonfootprintcalculation/CoM-Emission-factors-for-national-electricity-2024.xlsx,grounded,Extracted from Table3_EU_LC year column 1999
electricity_hu_2000_lc,HU,Hungary,2000,CoM Table3 EU LC GHG,kg CO2e/kWh,0.71098959247785,totalCarbonfootprintcalculation/CoM-Emission-factors-for-national-electricity-2024.xlsx,grounded,Extracted from Table3_EU_LC year column 2000
electricity_hu_2001_lc,HU,Hungary,2001,CoM Table3 EU LC GHG,kg CO2e/kWh,0.681108051359239,totalCarbonfootprintcalculation/CoM-Emission-factors-for-national-electricity-2024.xlsx,grounded,Extracted from Table3_EU_LC year column 2001
electricity_hu_2002_lc,HU,Hungary,2002,CoM Table3 EU LC GHG,kg CO2e/kWh,0.624890859276531,totalCarbonfootprintcalculation/CoM-Emission-factors-for-national-electricity-2024.xlsx,grounded,Extracted from Table3_EU_LC year column 2002
electricity_hu_2003_lc,HU,Hungary,2003,CoM Table3 EU LC GHG,kg CO2e/kWh,0.701518987803842,totalCarbonfootprintcalculation/CoM-Emission-factors-for-national-electricity-2024.xlsx,grounded,Extracted from Table3_EU_LC year column 2003
electricity_hu_2004_lc,HU,Hungary,2004,CoM Table3 EU LC GHG,kg CO2e/kWh,0.659392467356562,totalCarbonfootprintcalculation/CoM-Emission-factors-for-national-electricity-2024.xlsx,grounded,Extracted from Table3_EU_LC year column 2004
electricity_hu_2005_lc,HU,Hungary,2005,CoM Table3 EU LC GHG,kg CO2e/kWh,0.56331770066842,totalCarbonfootprintcalculation/CoM-Emission-factors-for-national-electricity-2024.xlsx,grounded,Extracted from Table3_EU_LC year column 2005
electricity_hu_2006_lc,HU,Hungary,2006,CoM Table3 EU LC GHG,kg CO2e/kWh,0.573296632755741,totalCarbonfootprintcalculation/CoM-Emission-factors-for-national-electricity-2024.xlsx,grounded,Extracted from Table3_EU_LC year column 2006
electricity_hu_2007_lc,HU,Hungary,2007,CoM Table3 EU LC GHG,kg CO2e/kWh,0.553454707729365,totalCarbonfootprintcalculation/CoM-Emission-factors-for-national-electricity-2024.xlsx,grounded,Extracted from Table3_EU_LC year column 2007
electricity_hu_2008_lc,HU,Hungary,2008,CoM Table3 EU LC GHG,kg CO2e/kWh,0.544890821685062,totalCarbonfootprintcalculation/CoM-Emission-factors-for-national-electricity-2024.xlsx,grounded,Extracted from Table3_EU_LC year column 2008
electricity_hu_2009_lc,HU,Hungary,2009,CoM Table3 EU LC GHG,kg CO2e/kWh,0.492260908991006,totalCarbonfootprintcalculation/CoM-Emission-factors-for-national-electricity-2024.xlsx,grounded,Extracted from Table3_EU_LC year column 2009
electricity_hu_2010_lc,HU,Hungary,2010,CoM Table3 EU LC GHG,kg CO2e/kWh,0.498257527634297,totalCarbonfootprintcalculation/CoM-Emission-factors-for-national-electricity-2024.xlsx,grounded,Extracted from Table3_EU_LC year column 2010
electricity_hu_2011_lc,HU,Hungary,2011,CoM Table3 EU LC GHG,kg CO2e/kWh,0.473991179494655,totalCarbonfootprintcalculation/CoM-Emission-factors-for-national-electricity-2024.xlsx,grounded,Extracted from Table3_EU_LC year column 2011
electricity_hu_2012_lc,HU,Hungary,2012,CoM Table3 EU LC GHG,kg CO2e/kWh,0.438751807185564,totalCarbonfootprintcalculation/CoM-Emission-factors-for-national-electricity-2024.xlsx,grounded,Extracted from Table3_EU_LC year column 2012
electricity_hu_2013_lc,HU,Hungary,2013,CoM Table3 EU LC GHG,kg CO2e/kWh,0.430183865978052,totalCarbonfootprintcalculation/CoM-Emission-factors-for-national-electricity-2024.xlsx,grounded,Extracted from Table3_EU_LC year column 2013
electricity_hu_2014_lc,HU,Hungary,2014,CoM Table3 EU LC GHG,kg CO2e/kWh,0.398253690712753,totalCarbonfootprintcalculation/CoM-Emission-factors-for-national-electricity-2024.xlsx,grounded,Extracted from Table3_EU_LC year column 2014
electricity_hu_2015_lc,HU,Hungary,2015,CoM Table3 EU LC GHG,kg CO2e/kWh,0.388484580236008,totalCarbonfootprintcalculation/CoM-Emission-factors-for-national-electricity-2024.xlsx,grounded,Extracted from Table3_EU_LC year column 2015
electricity_hu_2016_lc,HU,Hungary,2016,CoM Table3 EU LC GHG,kg CO2e/kWh,0.387843910171664,totalCarbonfootprintcalculation/CoM-Emission-factors-for-national-electricity-2024.xlsx,grounded,Extracted from Table3_EU_LC year column 2016
electricity_hu_2017_lc,HU,Hungary,2017,CoM Table3 EU LC GHG,kg CO2e/kWh,0.324020578554498,totalCarbonfootprintcalculation/CoM-Emission-factors-for-national-electricity-2024.xlsx,grounded,Extracted from Table3_EU_LC year column 2017
electricity_hu_2018_lc,HU,Hungary,2018,CoM Table3 EU LC GHG,kg CO2e/kWh,0.338387234963733,totalCarbonfootprintcalculation/CoM-Emission-factors-for-national-electricity-2024.xlsx,grounded,Extracted from Table3_EU_LC year column 2018
electricity_hu_2019_lc,HU,Hungary,2019,CoM Table3 EU LC GHG,kg CO2e/kWh,0.28924713013931,totalCarbonfootprintcalculation/CoM-Emission-factors-for-national-electricity-2024.xlsx,grounded,Extracted from Table3_EU_LC year column 2019
electricity_hu_2020_lc,HU,Hungary,2020,CoM Table3 EU LC GHG,kg CO2e/kWh,0.267135550002075,totalCarbonfootprintcalculation/CoM-Emission-factors-for-national-electricity-2024.xlsx,grounded,Extracted from Table3_EU_LC year column 2020
electricity_hu_2021_lc,HU,Hungary,2021,CoM Table3 EU LC GHG,kg CO2e/kWh,0.265641798292264,totalCarbonfootprintcalculation/CoM-Emission-factors-for-national-electricity-2024.xlsx,grounded,Extracted from Table3_EU_LC year column 2021
electricity_mt_1990_lc,MT,Malta,1990,CoM Table3 EU LC GHG,kg CO2e/kWh,2.31558563076923,totalCarbonfootprintcalculation/CoM-Emission-factors-for-national-electricity-2024.xlsx,grounded,Extracted from Table3_EU_LC year column 1990
electricity_mt_1991_lc,MT,Malta,1991,CoM Table3 EU LC GHG,kg CO2e/kWh,1.59755259136212,totalCarbonfootprintcalculation/CoM-Emission-factors-for-national-electricity-2024.xlsx,grounded,Extracted from Table3_EU_LC year column 1991
electricity_mt_1992_lc,MT,Malta,1992,CoM Table3 EU LC GHG,kg CO2e/kWh,1.47157391082802,totalCarbonfootprintcalculation/CoM-Emission-factors-for-national-electricity-2024.xlsx,grounded,Extracted from Table3_EU_LC year column 1992
electricity_mt_1993_lc,MT,Malta,1993,CoM Table3 EU LC GHG,kg CO2e/kWh,1.98769158425196,totalCarbonfootprintcalculation/CoM-Emission-factors-for-national-electricity-2024.xlsx,grounded,Extracted from Table3_EU_LC year column 1993
electricity_mt_1994_lc,MT,Malta,1994,CoM Table3 EU LC GHG,kg CO2e/kWh,1.7964385127572,totalCarbonfootprintcalculation/CoM-Emission-factors-for-national-electricity-2024.xlsx,grounded,Extracted from Table3_EU_LC year column 1994
electricity_mt_1995_lc,MT,Malta,1995,CoM Table3 EU LC GHG,kg CO2e/kWh,1.54232223828435,totalCarbonfootprintcalculation/CoM-Emission-factors-for-national-electricity-2024.xlsx,grounded,Extracted from Table3_EU_LC year column 1995
electricity_mt_1996_lc,MT,Malta,1996,CoM Table3 EU LC GHG,kg CO2e/kWh,1.51272061463778,totalCarbonfootprintcalculation/CoM-Emission-factors-for-national-electricity-2024.xlsx,grounded,Extracted from Table3_EU_LC year column 1996
electricity_mt_1997_lc,MT,Malta,1997,CoM Table3 EU LC GHG,kg CO2e/kWh,1.45438898161764,totalCarbonfootprintcalculation/CoM-Emission-factors-for-national-electricity-2024.xlsx,grounded,Extracted from Table3_EU_LC year column 1997
electricity_mt_1998_lc,MT,Malta,1998,CoM Table3 EU LC GHG,kg CO2e/kWh,1.43168041940085,totalCarbonfootprintcalculation/CoM-Emission-factors-for-national-electricity-2024.xlsx,grounded,Extracted from Table3_EU_LC year column 1998
electricity_mt_1999_lc,MT,Malta,1999,CoM Table3 EU LC GHG,kg CO2e/kWh,1.38658859300791,totalCarbonfootprintcalculation/CoM-Emission-factors-for-national-electricity-2024.xlsx,grounded,Extracted from Table3_EU_LC year column 1999
electricity_mt_2000_lc,MT,Malta,2000,CoM Table3 EU LC GHG,kg CO2e/kWh,1.26427623867262,totalCarbonfootprintcalculation/CoM-Emission-factors-for-national-electricity-2024.xlsx,grounded,Extracted from Table3_EU_LC year column 2000
electricity_mt_2001_lc,MT,Malta,2001,CoM Table3 EU LC GHG,kg CO2e/kWh,1.57346335818992,totalCarbonfootprintcalculation/CoM-Emission-factors-for-national-electricity-2024.xlsx,grounded,Extracted from Table3_EU_LC year column 2001
electricity_mt_2002_lc,MT,Malta,2002,CoM Table3 EU LC GHG,kg CO2e/kWh,1.4607022172601,totalCarbonfootprintcalculation/CoM-Emission-factors-for-national-electricity-2024.xlsx,grounded,Extracted from Table3_EU_LC year column 2002
electricity_mt_2003_lc,MT,Malta,2003,CoM Table3 EU LC GHG,kg CO2e/kWh,1.48431881284606,totalCarbonfootprintcalculation/CoM-Emission-factors-for-national-electricity-2024.xlsx,grounded,Extracted from Table3_EU_LC year column 2003
electricity_mt_2004_lc,MT,Malta,2004,CoM Table3 EU LC GHG,kg CO2e/kWh,1.42451209944134,totalCarbonfootprintcalculation/CoM-Emission-factors-for-national-electricity-2024.xlsx,grounded,Extracted from Table3_EU_LC year column 2004
electricity_mt_2005_lc,MT,Malta,2005,CoM Table3 EU LC GHG,kg CO2e/kWh,1.30696432938643,totalCarbonfootprintcalculation/CoM-Emission-factors-for-national-electricity-2024.xlsx,grounded,Extracted from Table3_EU_LC year column 2005
electricity_mt_2006_lc,MT,Malta,2006,CoM Table3 EU LC GHG,kg CO2e/kWh,1.32418915758229,totalCarbonfootprintcalculation/CoM-Emission-factors-for-national-electricity-2024.xlsx,grounded,Extracted from Table3_EU_LC year column 2006
electricity_mt_2007_lc,MT,Malta,2007,CoM Table3 EU LC GHG,kg CO2e/kWh,1.34752100918422,totalCarbonfootprintcalculation/CoM-Emission-factors-for-national-electricity-2024.xlsx,grounded,Extracted from Table3_EU_LC year column 2007
electricity_mt_2008_lc,MT,Malta,2008,CoM Table3 EU LC GHG,kg CO2e/kWh,1.32338753642741,totalCarbonfootprintcalculation/CoM-Emission-factors-for-national-electricity-2024.xlsx,grounded,Extracted from Table3_EU_LC year column 2008
electricity_mt_2009_lc,MT,Malta,2009,CoM Table3 EU LC GHG,kg CO2e/kWh,1.34889972407732,totalCarbonfootprintcalculation/CoM-Emission-factors-for-national-electricity-2024.xlsx,grounded,Extracted from Table3_EU_LC year column 2009
electricity_mt_2010_lc,MT,Malta,2010,CoM Table3 EU LC GHG,kg CO2e/kWh,1.26157025986842,totalCarbonfootprintcalculation/CoM-Emission-factors-for-national-electricity-2024.xlsx,grounded,Extracted from Table3_EU_LC year column 2010
electricity_mt_2011_lc,MT,Malta,2011,CoM Table3 EU LC GHG,kg CO2e/kWh,1.26184100678813,totalCarbonfootprintcalculation/CoM-Emission-factors-for-national-electricity-2024.xlsx,grounded,Extracted from Table3_EU_LC year column 2011
electricity_mt_2012_lc,MT,Malta,2012,CoM Table3 EU LC GHG,kg CO2e/kWh,1.28051674192074,totalCarbonfootprintcalculation/CoM-Emission-factors-for-national-electricity-2024.xlsx,grounded,Extracted from Table3_EU_LC year column 2012
electricity_mt_2013_lc,MT,Malta,2013,CoM Table3 EU LC GHG,kg CO2e/kWh,1.0474117814245,totalCarbonfootprintcalculation/CoM-Emission-factors-for-national-electricity-2024.xlsx,grounded,Extracted from Table3_EU_LC year column 2013
electricity_mt_2014_lc,MT,Malta,2014,CoM Table3 EU LC GHG,kg CO2e/kWh,0.996327033804377,totalCarbonfootprintcalculation/CoM-Emission-factors-for-national-electricity-2024.xlsx,grounded,Extracted from Table3_EU_LC year column 2014
electricity_mt_2015_lc,MT,Malta,2015,CoM Table3 EU LC GHG,kg CO2e/kWh,0.716480222193907,totalCarbonfootprintcalculation/CoM-Emission-factors-for-national-electricity-2024.xlsx,grounded,Extracted from Table3_EU_LC year column 2015
electricity_mt_2016_lc,MT,Malta,2016,CoM Table3 EU LC GHG,kg CO2e/kWh,0.633466533442623,totalCarbonfootprintcalculation/CoM-Emission-factors-for-national-electricity-2024.xlsx,grounded,Extracted from Table3_EU_LC year column 2016
electricity_mt_2017_lc,MT,Malta,2017,CoM Table3 EU LC GHG,kg CO2e/kWh,0.551188888159745,totalCarbonfootprintcalculation/CoM-Emission-factors-for-national-electricity-2024.xlsx,grounded,Extracted from Table3_EU_LC year column 2017
electricity_mt_2018_lc,MT,Malta,2018,CoM Table3 EU LC GHG,kg CO2e/kWh,0.489378068130078,totalCarbonfootprintcalculation/CoM-Emission-factors-for-national-electricity-2024.xlsx,grounded,Extracted from Table3_EU_LC year column 2018
electricity_mt_2019_lc,MT,Malta,2019,CoM Table3 EU LC GHG,kg CO2e/kWh,0.492486586769273,totalCarbonfootprintcalculation/CoM-Emission-factors-for-national-electricity-2024.xlsx,grounded,Extracted from Table3_EU_LC year column 2019
electricity_mt_2020_lc,MT,Malta,2020,CoM Table3 EU LC GHG,kg CO2e/kWh,0.519120173317773,totalCarbonfootprintcalculation/CoM-Emission-factors-for-national-electricity-2024.xlsx,grounded,Extracted from Table3_EU_LC year column 2020
electricity_mt_2021_lc,MT,Malta,2021,CoM Table3 EU LC GHG,kg CO2e/kWh,0.470073546806919,totalCarbonfootprintcalculation/CoM-Emission-factors-for-national-electricity-2024.xlsx,grounded,Extracted from Table3_EU_LC year column 2021
electricity_nl_1990_lc,NL,Netherlands,1990,CoM Table3 EU LC GHG,kg CO2e/kWh,0.757864310208076,totalCarbonfootprintcalculation/CoM-Emission-factors-for-national-electricity-2024.xlsx,grounded,Extracted from Table3_EU_LC year column 1990
electricity_nl_1991_lc,NL,Netherlands,1991,CoM Table3 EU LC GHG,kg CO2e/kWh,0.74270798644573,totalCarbonfootprintcalculation/CoM-Emission-factors-for-national-electricity-2024.xlsx,grounded,Extracted from Table3_EU_LC year column 1991
electricity_nl_1992_lc,NL,Netherlands,1992,CoM Table3 EU LC GHG,kg CO2e/kWh,0.734810168604172,totalCarbonfootprintcalculation/CoM-Emission-factors-for-national-electricity-2024.xlsx,grounded,Extracted from Table3_EU_LC year column 1992
electricity_nl_1993_lc,NL,Netherlands,1993,CoM Table3 EU LC GHG,kg CO2e/kWh,0.728647297238562,totalCarbonfootprintcalculation/CoM-Emission-factors-for-national-electricity-2024.xlsx,grounded,Extracted from Table3_EU_LC year column 1993
electricity_nl_1994_lc,NL,Netherlands,1994,CoM Table3 EU LC GHG,kg CO2e/kWh,0.723099159631793,totalCarbonfootprintcalculation/CoM-Emission-factors-for-national-electricity-2024.xlsx,grounded,Extracted from Table3_EU_LC year column 1994
electricity_nl_1995_lc,NL,Netherlands,1995,CoM Table3 EU LC GHG,kg CO2e/kWh,0.712810990536889,totalCarbonfootprintcalculation/CoM-Emission-factors-for-national-electricity-2024.xlsx,grounded,Extracted from Table3_EU_LC year column 1995
electricity_nl_1996_lc,NL,Netherlands,1996,CoM Table3 EU LC GHG,kg CO2e/kWh,0.692292744947938,totalCarbonfootprintcalculation/CoM-Emission-factors-for-national-electricity-2024.xlsx,grounded,Extracted from Table3_EU_LC year column 1996
electricity_nl_1997_lc,NL,Netherlands,1997,CoM Table3 EU LC GHG,kg CO2e/kWh,0.683080149004553,totalCarbonfootprintcalculation/CoM-Emission-factors-for-national-electricity-2024.xlsx,grounded,Extracted from Table3_EU_LC year column 1997
electricity_nl_1998_lc,NL,Netherlands,1998,CoM Table3 EU LC GHG,kg CO2e/kWh,0.672534879225515,totalCarbonfootprintcalculation/CoM-Emission-factors-for-national-electricity-2024.xlsx,grounded,Extracted from Table3_EU_LC year column 1998
electricity_nl_1999_lc,NL,Netherlands,1999,CoM Table3 EU LC GHG,kg CO2e/kWh,0.634159370684019,totalCarbonfootprintcalculation/CoM-Emission-factors-for-national-electricity-2024.xlsx,grounded,Extracted from Table3_EU_LC year column 1999
electricity_nl_2000_lc,NL,Netherlands,2000,CoM Table3 EU LC GHG,kg CO2e/kWh,0.637944073833957,totalCarbonfootprintcalculation/CoM-Emission-factors-for-national-electricity-2024.xlsx,grounded,Extracted from Table3_EU_LC year column 2000
electricity_nl_2001_lc,NL,Netherlands,2001,CoM Table3 EU LC GHG,kg CO2e/kWh,0.67095258554607,totalCarbonfootprintcalculation/CoM-Emission-factors-for-national-electricity-2024.xlsx,grounded,Extracted from Table3_EU_LC year column 2001
electricity_nl_2002_lc,NL,Netherlands,2002,CoM Table3 EU LC GHG,kg CO2e/kWh,0.637475975188052,totalCarbonfootprintcalculation/CoM-Emission-factors-for-national-electricity-2024.xlsx,grounded,Extracted from Table3_EU_LC year column 2002
electricity_nl_2003_lc,NL,Netherlands,2003,CoM Table3 EU LC GHG,kg CO2e/kWh,0.650493024229909,totalCarbonfootprintcalculation/CoM-Emission-factors-for-national-electricity-2024.xlsx,grounded,Extracted from Table3_EU_LC year column 2003
electricity_nl_2004_lc,NL,Netherlands,2004,CoM Table3 EU LC GHG,kg CO2e/kWh,0.660644926197326,totalCarbonfootprintcalculation/CoM-Emission-factors-for-national-electricity-2024.xlsx,grounded,Extracted from Table3_EU_LC year column 2004
electricity_nl_2005_lc,NL,Netherlands,2005,CoM Table3 EU LC GHG,kg CO2e/kWh,0.638210656625643,totalCarbonfootprintcalculation/CoM-Emission-factors-for-national-electricity-2024.xlsx,grounded,Extracted from Table3_EU_LC year column 2005
electricity_nl_2006_lc,NL,Netherlands,2006,CoM Table3 EU LC GHG,kg CO2e/kWh,0.626989319073605,totalCarbonfootprintcalculation/CoM-Emission-factors-for-national-electricity-2024.xlsx,grounded,Extracted from Table3_EU_LC year column 2006
electricity_nl_2007_lc,NL,Netherlands,2007,CoM Table3 EU LC GHG,kg CO2e/kWh,0.628008840620675,totalCarbonfootprintcalculation/CoM-Emission-factors-for-national-electricity-2024.xlsx,grounded,Extracted from Table3_EU_LC year column 2007
electricity_nl_2008_lc,NL,Netherlands,2008,CoM Table3 EU LC GHG,kg CO2e/kWh,0.597180563957392,totalCarbonfootprintcalculation/CoM-Emission-factors-for-national-electricity-2024.xlsx,grounded,Extracted from Table3_EU_LC year column 2008
electricity_nl_2009_lc,NL,Netherlands,2009,CoM Table3 EU LC GHG,kg CO2e/kWh,0.566491004369988,totalCarbonfootprintcalculation/CoM-Emission-factors-for-national-electricity-2024.xlsx,grounded,Extracted from Table3_EU_LC year column 2009
electricity_nl_2010_lc,NL,Netherlands,2010,CoM Table3 EU LC GHG,kg CO2e/kWh,0.56426131788064,totalCarbonfootprintcalculation/CoM-Emission-factors-for-national-electricity-2024.xlsx,grounded,Extracted from Table3_EU_LC year column 2010
electricity_nl_2011_lc,NL,Netherlands,2011,CoM Table3 EU LC GHG,kg CO2e/kWh,0.539748025756481,totalCarbonfootprintcalculation/CoM-Emission-factors-for-national-electricity-2024.xlsx,grounded,Extracted from Table3_EU_LC year column 2011
electricity_nl_2012_lc,NL,Netherlands,2012,CoM Table3 EU LC GHG,kg CO2e/kWh,0.569235304375633,totalCarbonfootprintcalculation/CoM-Emission-factors-for-national-electricity-2024.xlsx,grounded,Extracted from Table3_EU_LC year column 2012
electricity_nl_2013_lc,NL,Netherlands,2013,CoM Table3 EU LC GHG,kg CO2e/kWh,0.572999472164765,totalCarbonfootprintcalculation/CoM-Emission-factors-for-national-electricity-2024.xlsx,grounded,Extracted from Table3_EU_LC year column 2013
electricity_nl_2014_lc,NL,Netherlands,2014,CoM Table3 EU LC GHG,kg CO2e/kWh,0.593741594031699,totalCarbonfootprintcalculation/CoM-Emission-factors-for-national-electricity-2024.xlsx,grounded,Extracted from Table3_EU_LC year column 2014
electricity_nl_2015_lc,NL,Netherlands,2015,CoM Table3 EU LC GHG,kg CO2e/kWh,0.609750945470187,totalCarbonfootprintcalculation/CoM-Emission-factors-for-national-electricity-2024.xlsx,grounded,Extracted from Table3_EU_LC year column 2015
electricity_nl_2016_lc,NL,Netherlands,2016,CoM Table3 EU LC GHG,kg CO2e/kWh,0.590094987078498,totalCarbonfootprintcalculation/CoM-Emission-factors-for-national-electricity-2024.xlsx,grounded,Extracted from Table3_EU_LC year column 2016
electricity_nl_2017_lc,NL,Netherlands,2017,CoM Table3 EU LC GHG,kg CO2e/kWh,0.552290863782107,totalCarbonfootprintcalculation/CoM-Emission-factors-for-national-electricity-2024.xlsx,grounded,Extracted from Table3_EU_LC year column 2017
electricity_nl_2018_lc,NL,Netherlands,2018,CoM Table3 EU LC GHG,kg CO2e/kWh,0.533243145947195,totalCarbonfootprintcalculation/CoM-Emission-factors-for-national-electricity-2024.xlsx,grounded,Extracted from Table3_EU_LC year column 2018
electricity_nl_2019_lc,NL,Netherlands,2019,CoM Table3 EU LC GHG,kg CO2e/kWh,0.476348166648369,totalCarbonfootprintcalculation/CoM-Emission-factors-for-national-electricity-2024.xlsx,grounded,Extracted from Table3_EU_LC year column 2019
electricity_nl_2020_lc,NL,Netherlands,2020,CoM Table3 EU LC GHG,kg CO2e/kWh,0.39761785666635,totalCarbonfootprintcalculation/CoM-Emission-factors-for-national-electricity-2024.xlsx,grounded,Extracted from Table3_EU_LC year column 2020
electricity_nl_2021_lc,NL,Netherlands,2021,CoM Table3 EU LC GHG,kg CO2e/kWh,0.406463499759293,totalCarbonfootprintcalculation/CoM-Emission-factors-for-national-electricity-2024.xlsx,grounded,Extracted from Table3_EU_LC year column 2021
electricity_at_1990_lc,AT,Austria,1990,CoM Table3 EU LC GHG,kg CO2e/kWh,0.40529343327308,totalCarbonfootprintcalculation/CoM-Emission-factors-for-national-electricity-2024.xlsx,grounded,Extracted from Table3_EU_LC year column 1990
electricity_at_1991_lc,AT,Austria,1991,CoM Table3 EU LC GHG,kg CO2e/kWh,0.417375164609355,totalCarbonfootprintcalculation/CoM-Emission-factors-for-national-electricity-2024.xlsx,grounded,Extracted from Table3_EU_LC year column 1991
electricity_at_1992_lc,AT,Austria,1992,CoM Table3 EU LC GHG,kg CO2e/kWh,0.368922822068423,totalCarbonfootprintcalculation/CoM-Emission-factors-for-national-electricity-2024.xlsx,grounded,Extracted from Table3_EU_LC year column 1992
electricity_at_1993_lc,AT,Austria,1993,CoM Table3 EU LC GHG,kg CO2e/kWh,0.335968247285559,totalCarbonfootprintcalculation/CoM-Emission-factors-for-national-electricity-2024.xlsx,grounded,Extracted from Table3_EU_LC year column 1993
electricity_at_1994_lc,AT,Austria,1994,CoM Table3 EU LC GHG,kg CO2e/kWh,0.351361593201296,totalCarbonfootprintcalculation/CoM-Emission-factors-for-national-electricity-2024.xlsx,grounded,Extracted from Table3_EU_LC year column 1994
electricity_at_1995_lc,AT,Austria,1995,CoM Table3 EU LC GHG,kg CO2e/kWh,0.357856473279325,totalCarbonfootprintcalculation/CoM-Emission-factors-for-national-electricity-2024.xlsx,grounded,Extracted from Table3_EU_LC year column 1995
electricity_at_1996_lc,AT,Austria,1996,CoM Table3 EU LC GHG,kg CO2e/kWh,0.392323303981524,totalCarbonfootprintcalculation/CoM-Emission-factors-for-national-electricity-2024.xlsx,grounded,Extracted from Table3_EU_LC year column 1996
electricity_at_1997_lc,AT,Austria,1997,CoM Table3 EU LC GHG,kg CO2e/kWh,0.375718019341402,totalCarbonfootprintcalculation/CoM-Emission-factors-for-national-electricity-2024.xlsx,grounded,Extracted from Table3_EU_LC year column 1997
electricity_at_1998_lc,AT,Austria,1998,CoM Table3 EU LC GHG,kg CO2e/kWh,0.360862700228019,totalCarbonfootprintcalculation/CoM-Emission-factors-for-national-electricity-2024.xlsx,grounded,Extracted from Table3_EU_LC year column 1998
electricity_at_1999_lc,AT,Austria,1999,CoM Table3 EU LC GHG,kg CO2e/kWh,0.354124097418532,totalCarbonfootprintcalculation/CoM-Emission-factors-for-national-electricity-2024.xlsx,grounded,Extracted from Table3_EU_LC year column 1999
electricity_at_2000_lc,AT,Austria,2000,CoM Table3 EU LC GHG,kg CO2e/kWh,0.354939807173292,totalCarbonfootprintcalculation/CoM-Emission-factors-for-national-electricity-2024.xlsx,grounded,Extracted from Table3_EU_LC year column 2000
electricity_at_2001_lc,AT,Austria,2001,CoM Table3 EU LC GHG,kg CO2e/kWh,0.376636238722733,totalCarbonfootprintcalculation/CoM-Emission-factors-for-national-electricity-2024.xlsx,grounded,Extracted from Table3_EU_LC year column 2001
electricity_at_2002_lc,AT,Austria,2002,CoM Table3 EU LC GHG,kg CO2e/kWh,0.383647256506524,totalCarbonfootprintcalculation/CoM-Emission-factors-for-national-electricity-2024.xlsx,grounded,Extracted from Table3_EU_LC year column 2002
electricity_at_2003_lc,AT,Austria,2003,CoM Table3 EU LC GHG,kg CO2e/kWh,0.439150606666983,totalCarbonfootprintcalculation/CoM-Emission-factors-for-national-electricity-2024.xlsx,grounded,Extracted from Table3_EU_LC year column 2003
electricity_at_2004_lc,AT,Austria,2004,CoM Table3 EU LC GHG,kg CO2e/kWh,0.409981463251196,totalCarbonfootprintcalculation/CoM-Emission-factors-for-national-electricity-2024.xlsx,grounded,Extracted from Table3_EU_LC year column 2004
electricity_at_2005_lc,AT,Austria,2005,CoM Table3 EU LC GHG,kg CO2e/kWh,0.429297164023986,totalCarbonfootprintcalculation/CoM-Emission-factors-for-national-electricity-2024.xlsx,grounded,Extracted from Table3_EU_LC year column 2005
electricity_at_2006_lc,AT,Austria,2006,CoM Table3 EU LC GHG,kg CO2e/kWh,0.422773150499785,totalCarbonfootprintcalculation/CoM-Emission-factors-for-national-electricity-2024.xlsx,grounded,Extracted from Table3_EU_LC year column 2006
electricity_at_2007_lc,AT,Austria,2007,CoM Table3 EU LC GHG,kg CO2e/kWh,0.420625305409592,totalCarbonfootprintcalculation/CoM-Emission-factors-for-national-electricity-2024.xlsx,grounded,Extracted from Table3_EU_LC year column 2007
electricity_at_2008_lc,AT,Austria,2008,CoM Table3 EU LC GHG,kg CO2e/kWh,0.378477075976598,totalCarbonfootprintcalculation/CoM-Emission-factors-for-national-electricity-2024.xlsx,grounded,Extracted from Table3_EU_LC year column 2008
electricity_at_2009_lc,AT,Austria,2009,CoM Table3 EU LC GHG,kg CO2e/kWh,0.359593486153066,totalCarbonfootprintcalculation/CoM-Emission-factors-for-national-electricity-2024.xlsx,grounded,Extracted from Table3_EU_LC year column 2009
electricity_at_2010_lc,AT,Austria,2010,CoM Table3 EU LC GHG,kg CO2e/kWh,0.3805005432489,totalCarbonfootprintcalculation/CoM-Emission-factors-for-national-electricity-2024.xlsx,grounded,Extracted from Table3_EU_LC year column 2010
electricity_at_2011_lc,AT,Austria,2011,CoM Table3 EU LC GHG,kg CO2e/kWh,0.423253112146103,totalCarbonfootprintcalculation/CoM-Emission-factors-for-national-electricity-2024.xlsx,grounded,Extracted from Table3_EU_LC year column 2011
electricity_at_2012_lc,AT,Austria,2012,CoM Table3 EU LC GHG,kg CO2e/kWh,0.366081102054449,totalCarbonfootprintcalculation/CoM-Emission-factors-for-national-electricity-2024.xlsx,grounded,Extracted from Table3_EU_LC year column 2012
electricity_at_2013_lc,AT,Austria,2013,CoM Table3 EU LC GHG,kg CO2e/kWh,0.358243342472079,totalCarbonfootprintcalculation/CoM-Emission-factors-for-national-electricity-2024.xlsx,grounded,Extracted from Table3_EU_LC year column 2013
electricity_at_2014_lc,AT,Austria,2014,CoM Table3 EU LC GHG,kg CO2e/kWh,0.353403188715575,totalCarbonfootprintcalculation/CoM-Emission-factors-for-national-electricity-2024.xlsx,grounded,Extracted from Table3_EU_LC year column 2014
electricity_at_2015_lc,AT,Austria,2015,CoM Table3 EU LC GHG,kg CO2e/kWh,0.381329338449714,totalCarbonfootprintcalculation/CoM-Emission-factors-for-national-electricity-2024.xlsx,grounded,Extracted from Table3_EU_LC year column 2015
electricity_at_2016_lc,AT,Austria,2016,CoM Table3 EU LC GHG,kg CO2e/kWh,0.34332935641539,totalCarbonfootprintcalculation/CoM-Emission-factors-for-national-electricity-2024.xlsx,grounded,Extracted from Table3_EU_LC year column 2016
electricity_at_2017_lc,AT,Austria,2017,CoM Table3 EU LC GHG,kg CO2e/kWh,0.359281236773108,totalCarbonfootprintcalculation/CoM-Emission-factors-for-national-electricity-2024.xlsx,grounded,Extracted from Table3_EU_LC year column 2017
electricity_at_2018_lc,AT,Austria,2018,CoM Table3 EU LC GHG,kg CO2e/kWh,0.33022511686247,totalCarbonfootprintcalculation/CoM-Emission-factors-for-national-electricity-2024.xlsx,grounded,Extracted from Table3_EU_LC year column 2018
electricity_at_2019_lc,AT,Austria,2019,CoM Table3 EU LC GHG,kg CO2e/kWh,0.29254487493272,totalCarbonfootprintcalculation/CoM-Emission-factors-for-national-electricity-2024.xlsx,grounded,Extracted from Table3_EU_LC year column 2019
electricity_at_2020_lc,AT,Austria,2020,CoM Table3 EU LC GHG,kg CO2e/kWh,0.257926500669669,totalCarbonfootprintcalculation/CoM-Emission-factors-for-national-electricity-2024.xlsx,grounded,Extracted from Table3_EU_LC year column 2020
electricity_at_2021_lc,AT,Austria,2021,CoM Table3 EU LC GHG,kg CO2e/kWh,0.281328992283434,totalCarbonfootprintcalculation/CoM-Emission-factors-for-national-electricity-2024.xlsx,grounded,Extracted from Table3_EU_LC year column 2021
electricity_pl_1990_lc,PL,Poland,1990,CoM Table3 EU LC GHG,kg CO2e/kWh,1.41361458685354,totalCarbonfootprintcalculation/CoM-Emission-factors-for-national-electricity-2024.xlsx,grounded,Extracted from Table3_EU_LC year column 1990
electricity_pl_1991_lc,PL,Poland,1991,CoM Table3 EU LC GHG,kg CO2e/kWh,1.55039206808828,totalCarbonfootprintcalculation/CoM-Emission-factors-for-national-electricity-2024.xlsx,grounded,Extracted from Table3_EU_LC year column 1991
electricity_pl_1992_lc,PL,Poland,1992,CoM Table3 EU LC GHG,kg CO2e/kWh,1.58163890911459,totalCarbonfootprintcalculation/CoM-Emission-factors-for-national-electricity-2024.xlsx,grounded,Extracted from Table3_EU_LC year column 1992
electricity_pl_1993_lc,PL,Poland,1993,CoM Table3 EU LC GHG,kg CO2e/kWh,1.56954777716965,totalCarbonfootprintcalculation/CoM-Emission-factors-for-national-electricity-2024.xlsx,grounded,Extracted from Table3_EU_LC year column 1993
electricity_pl_1994_lc,PL,Poland,1994,CoM Table3 EU LC GHG,kg CO2e/kWh,1.5872778928051,totalCarbonfootprintcalculation/CoM-Emission-factors-for-national-electricity-2024.xlsx,grounded,Extracted from Table3_EU_LC year column 1994
electricity_pl_1995_lc,PL,Poland,1995,CoM Table3 EU LC GHG,kg CO2e/kWh,1.49955544081219,totalCarbonfootprintcalculation/CoM-Emission-factors-for-national-electricity-2024.xlsx,grounded,Extracted from Table3_EU_LC year column 1995
electricity_pl_1996_lc,PL,Poland,1996,CoM Table3 EU LC GHG,kg CO2e/kWh,1.45227604180294,totalCarbonfootprintcalculation/CoM-Emission-factors-for-national-electricity-2024.xlsx,grounded,Extracted from Table3_EU_LC year column 1996
electricity_pl_1997_lc,PL,Poland,1997,CoM Table3 EU LC GHG,kg CO2e/kWh,1.41644676261269,totalCarbonfootprintcalculation/CoM-Emission-factors-for-national-electricity-2024.xlsx,grounded,Extracted from Table3_EU_LC year column 1997
electricity_pl_1998_lc,PL,Poland,1998,CoM Table3 EU LC GHG,kg CO2e/kWh,1.37310318911246,totalCarbonfootprintcalculation/CoM-Emission-factors-for-national-electricity-2024.xlsx,grounded,Extracted from Table3_EU_LC year column 1998
electricity_pl_1999_lc,PL,Poland,1999,CoM Table3 EU LC GHG,kg CO2e/kWh,1.36523112915387,totalCarbonfootprintcalculation/CoM-Emission-factors-for-national-electricity-2024.xlsx,grounded,Extracted from Table3_EU_LC year column 1999
electricity_pl_2000_lc,PL,Poland,2000,CoM Table3 EU LC GHG,kg CO2e/kWh,1.33817010044941,totalCarbonfootprintcalculation/CoM-Emission-factors-for-national-electricity-2024.xlsx,grounded,Extracted from Table3_EU_LC year column 2000
electricity_pl_2001_lc,PL,Poland,2001,CoM Table3 EU LC GHG,kg CO2e/kWh,1.31262037721452,totalCarbonfootprintcalculation/CoM-Emission-factors-for-national-electricity-2024.xlsx,grounded,Extracted from Table3_EU_LC year column 2001
electricity_pl_2002_lc,PL,Poland,2002,CoM Table3 EU LC GHG,kg CO2e/kWh,1.30392761088565,totalCarbonfootprintcalculation/CoM-Emission-factors-for-national-electricity-2024.xlsx,grounded,Extracted from Table3_EU_LC year column 2002
electricity_pl_2003_lc,PL,Poland,2003,CoM Table3 EU LC GHG,kg CO2e/kWh,1.29866067735602,totalCarbonfootprintcalculation/CoM-Emission-factors-for-national-electricity-2024.xlsx,grounded,Extracted from Table3_EU_LC year column 2003
electricity_pl_2004_lc,PL,Poland,2004,CoM Table3 EU LC GHG,kg CO2e/kWh,1.27813113611777,totalCarbonfootprintcalculation/CoM-Emission-factors-for-national-electricity-2024.xlsx,grounded,Extracted from Table3_EU_LC year column 2004
electricity_pl_2005_lc,PL,Poland,2005,CoM Table3 EU LC GHG,kg CO2e/kWh,1.25758870395336,totalCarbonfootprintcalculation/CoM-Emission-factors-for-national-electricity-2024.xlsx,grounded,Extracted from Table3_EU_LC year column 2005
electricity_pl_2006_lc,PL,Poland,2006,CoM Table3 EU LC GHG,kg CO2e/kWh,1.25572064397473,totalCarbonfootprintcalculation/CoM-Emission-factors-for-national-electricity-2024.xlsx,grounded,Extracted from Table3_EU_LC year column 2006
electricity_pl_2007_lc,PL,Poland,2007,CoM Table3 EU LC GHG,kg CO2e/kWh,1.22636651598559,totalCarbonfootprintcalculation/CoM-Emission-factors-for-national-electricity-2024.xlsx,grounded,Extracted from Table3_EU_LC year column 2007
electricity_pl_2008_lc,PL,Poland,2008,CoM Table3 EU LC GHG,kg CO2e/kWh,1.18271657687024,totalCarbonfootprintcalculation/CoM-Emission-factors-for-national-electricity-2024.xlsx,grounded,Extracted from Table3_EU_LC year column 2008
electricity_pl_2009_lc,PL,Poland,2009,CoM Table3 EU LC GHG,kg CO2e/kWh,1.17624716708385,totalCarbonfootprintcalculation/CoM-Emission-factors-for-national-electricity-2024.xlsx,grounded,Extracted from Table3_EU_LC year column 2009
electricity_pl_2010_lc,PL,Poland,2010,CoM Table3 EU LC GHG,kg CO2e/kWh,1.15566794177585,totalCarbonfootprintcalculation/CoM-Emission-factors-for-national-electricity-2024.xlsx,grounded,Extracted from Table3_EU_LC year column 2010
electricity_pl_2011_lc,PL,Poland,2011,CoM Table3 EU LC GHG,kg CO2e/kWh,1.13307878303345,totalCarbonfootprintcalculation/CoM-Emission-factors-for-national-electricity-2024.xlsx,grounded,Extracted from Table3_EU_LC year column 2011
electricity_pl_2012_lc,PL,Poland,2012,CoM Table3 EU LC GHG,kg CO2e/kWh,1.08161126150414,totalCarbonfootprintcalculation/CoM-Emission-factors-for-national-electricity-2024.xlsx,grounded,Extracted from Table3_EU_LC year column 2012
electricity_pl_2013_lc,PL,Poland,2013,CoM Table3 EU LC GHG,kg CO2e/kWh,1.08331519887902,totalCarbonfootprintcalculation/CoM-Emission-factors-for-national-electricity-2024.xlsx,grounded,Extracted from Table3_EU_LC year column 2013
electricity_pl_2014_lc,PL,Poland,2014,CoM Table3 EU LC GHG,kg CO2e/kWh,1.03353203142309,totalCarbonfootprintcalculation/CoM-Emission-factors-for-national-electricity-2024.xlsx,grounded,Extracted from Table3_EU_LC year column 2014
electricity_pl_2015_lc,PL,Poland,2015,CoM Table3 EU LC GHG,kg CO2e/kWh,1.00667419366101,totalCarbonfootprintcalculation/CoM-Emission-factors-for-national-electricity-2024.xlsx,grounded,Extracted from Table3_EU_LC year column 2015
electricity_pl_2016_lc,PL,Poland,2016,CoM Table3 EU LC GHG,kg CO2e/kWh,0.980201611576145,totalCarbonfootprintcalculation/CoM-Emission-factors-for-national-electricity-2024.xlsx,grounded,Extracted from Table3_EU_LC year column 2016
electricity_pl_2017_lc,PL,Poland,2017,CoM Table3 EU LC GHG,kg CO2e/kWh,0.966668222513313,totalCarbonfootprintcalculation/CoM-Emission-factors-for-national-electricity-2024.xlsx,grounded,Extracted from Table3_EU_LC year column 2017
electricity_pl_2018_lc,PL,Poland,2018,CoM Table3 EU LC GHG,kg CO2e/kWh,0.944697436888376,totalCarbonfootprintcalculation/CoM-Emission-factors-for-national-electricity-2024.xlsx,grounded,Extracted from Table3_EU_LC year column 2018
electricity_pl_2019_lc,PL,Poland,2019,CoM Table3 EU LC GHG,kg CO2e/kWh,0.872772117162336,totalCarbonfootprintcalculation/CoM-Emission-factors-for-national-electricity-2024.xlsx,grounded,Extracted from Table3_EU_LC year column 2019
electricity_pl_2020_lc,PL,Poland,2020,CoM Table3 EU LC GHG,kg CO2e/kWh,0.821737573678725,totalCarbonfootprintcalculation/CoM-Emission-factors-for-national-electricity-2024.xlsx,grounded,Extracted from Table3_EU_LC year column 2020
electricity_pl_2021_lc,PL,Poland,2021,CoM Table3 EU LC GHG,kg CO2e/kWh,0.877030250684837,totalCarbonfootprintcalculation/CoM-Emission-factors-for-national-electricity-2024.xlsx,grounded,Extracted from Table3_EU_LC year column 2021
electricity_pt_1990_lc,PT,Portugal,1990,CoM Table3 EU LC GHG,kg CO2e/kWh,0.749350441669989,totalCarbonfootprintcalculation/CoM-Emission-factors-for-national-electricity-2024.xlsx,grounded,Extracted from Table3_EU_LC year column 1990
electricity_pt_1991_lc,PT,Portugal,1991,CoM Table3 EU LC GHG,kg CO2e/kWh,0.752950342399926,totalCarbonfootprintcalculation/CoM-Emission-factors-for-national-electricity-2024.xlsx,grounded,Extracted from Table3_EU_LC year column 1991
electricity_pt_1992_lc,PT,Portugal,1992,CoM Table3 EU LC GHG,kg CO2e/kWh,0.897789685601322,totalCarbonfootprintcalculation/CoM-Emission-factors-for-national-electricity-2024.xlsx,grounded,Extracted from Table3_EU_LC year column 1992
electricity_pt_1993_lc,PT,Portugal,1993,CoM Table3 EU LC GHG,kg CO2e/kWh,0.781714542802443,totalCarbonfootprintcalculation/CoM-Emission-factors-for-national-electricity-2024.xlsx,grounded,Extracted from Table3_EU_LC year column 1993
electricity_pt_1994_lc,PT,Portugal,1994,CoM Table3 EU LC GHG,kg CO2e/kWh,0.709548741632264,totalCarbonfootprintcalculation/CoM-Emission-factors-for-national-electricity-2024.xlsx,grounded,Extracted from Table3_EU_LC year column 1994
electricity_pt_1995_lc,PT,Portugal,1995,CoM Table3 EU LC GHG,kg CO2e/kWh,0.808327969139063,totalCarbonfootprintcalculation/CoM-Emission-factors-for-national-electricity-2024.xlsx,grounded,Extracted from Table3_EU_LC year column 1995
electricity_pt_1996_lc,PT,Portugal,1996,CoM Table3 EU LC GHG,kg CO2e/kWh,0.597352991610889,totalCarbonfootprintcalculation/CoM-Emission-factors-for-national-electricity-2024.xlsx,grounded,Extracted from Table3_EU_LC year column 1996
electricity_pt_1997_lc,PT,Portugal,1997,CoM Table3 EU LC GHG,kg CO2e/kWh,0.639999521326259,totalCarbonfootprintcalculation/CoM-Emission-factors-for-national-electricity-2024.xlsx,grounded,Extracted from Table3_EU_LC year column 1997
electricity_pt_1998_lc,PT,Portugal,1998,CoM Table3 EU LC GHG,kg CO2e/kWh,0.645413468217243,totalCarbonfootprintcalculation/CoM-Emission-factors-for-national-electricity-2024.xlsx,grounded,Extracted from Table3_EU_LC year column 1998
electricity_pt_1999_lc,PT,Portugal,1999,CoM Table3 EU LC GHG,kg CO2e/kWh,0.760672255301659,totalCarbonfootprintcalculation/CoM-Emission-factors-for-national-electricity-2024.xlsx,grounded,Extracted from Table3_EU_LC year column 1999
electricity_pt_2000_lc,PT,Portugal,2000,CoM Table3 EU LC GHG,kg CO2e/kWh,0.672149656792148,totalCarbonfootprintcalculation/CoM-Emission-factors-for-national-electricity-2024.xlsx,grounded,Extracted from Table3_EU_LC year column 2000
electricity_pt_2001_lc,PT,Portugal,2001,CoM Table3 EU LC GHG,kg CO2e/kWh,0.627627110070856,totalCarbonfootprintcalculation/CoM-Emission-factors-for-national-electricity-2024.xlsx,grounded,Extracted from Table3_EU_LC year column 2001
electricity_pt_2002_lc,PT,Portugal,2002,CoM Table3 EU LC GHG,kg CO2e/kWh,0.718930497243316,totalCarbonfootprintcalculation/CoM-Emission-factors-for-national-electricity-2024.xlsx,grounded,Extracted from Table3_EU_LC year column 2002
electricity_pt_2003_lc,PT,Portugal,2003,CoM Table3 EU LC GHG,kg CO2e/kWh,0.579062698410592,totalCarbonfootprintcalculation/CoM-Emission-factors-for-national-electricity-2024.xlsx,grounded,Extracted from Table3_EU_LC year column 2003
electricity_pt_2004_lc,PT,Portugal,2004,CoM Table3 EU LC GHG,kg CO2e/kWh,0.629813881390428,totalCarbonfootprintcalculation/CoM-Emission-factors-for-national-electricity-2024.xlsx,grounded,Extracted from Table3_EU_LC year column 2004
electricity_pt_2005_lc,PT,Portugal,2005,CoM Table3 EU LC GHG,kg CO2e/kWh,0.692170417842438,totalCarbonfootprintcalculation/CoM-Emission-factors-for-national-electricity-2024.xlsx,grounded,Extracted from Table3_EU_LC year column 2005
electricity_pt_2006_lc,PT,Portugal,2006,CoM Table3 EU LC GHG,kg CO2e/kWh,0.580502617034668,totalCarbonfootprintcalculation/CoM-Emission-factors-for-national-electricity-2024.xlsx,grounded,Extracted from Table3_EU_LC year column 2006
electricity_pt_2007_lc,PT,Portugal,2007,CoM Table3 EU LC GHG,kg CO2e/kWh,0.538149411718927,totalCarbonfootprintcalculation/CoM-Emission-factors-for-national-electricity-2024.xlsx,grounded,Extracted from Table3_EU_LC year column 2007
electricity_pt_2008_lc,PT,Portugal,2008,CoM Table3 EU LC GHG,kg CO2e/kWh,0.538720953013661,totalCarbonfootprintcalculation/CoM-Emission-factors-for-national-electricity-2024.xlsx,grounded,Extracted from Table3_EU_LC year column 2008
electricity_pt_2009_lc,PT,Portugal,2009,CoM Table3 EU LC GHG,kg CO2e/kWh,0.520284452578851,totalCarbonfootprintcalculation/CoM-Emission-factors-for-national-electricity-2024.xlsx,grounded,Extracted from Table3_EU_LC year column 2009
electricity_pt_2010_lc,PT,Portugal,2010,CoM Table3 EU LC GHG,kg CO2e/kWh,0.367328758995719,totalCarbonfootprintcalculation/CoM-Emission-factors-for-national-electricity-2024.xlsx,grounded,Extracted from Table3_EU_LC year column 2010
electricity_pt_2011_lc,PT,Portugal,2011,CoM Table3 EU LC GHG,kg CO2e/kWh,0.431958581489175,totalCarbonfootprintcalculation/CoM-Emission-factors-for-national-electricity-2024.xlsx,grounded,Extracted from Table3_EU_LC year column 2011
electricity_pt_2012_lc,PT,Portugal,2012,CoM Table3 EU LC GHG,kg CO2e/kWh,0.509798879331047,totalCarbonfootprintcalculation/CoM-Emission-factors-for-national-electricity-2024.xlsx,grounded,Extracted from Table3_EU_LC year column 2012
electricity_pt_2013_lc,PT,Portugal,2013,CoM Table3 EU LC GHG,kg CO2e/kWh,0.406528017711384,totalCarbonfootprintcalculation/CoM-Emission-factors-for-national-electricity-2024.xlsx,grounded,Extracted from Table3_EU_LC year column 2013
electricity_pt_2014_lc,PT,Portugal,2014,CoM Table3 EU LC GHG,kg CO2e/kWh,0.395644733631545,totalCarbonfootprintcalculation/CoM-Emission-factors-for-national-electricity-2024.xlsx,grounded,Extracted from Table3_EU_LC year column 2014
electricity_pt_2015_lc,PT,Portugal,2015,CoM Table3 EU LC GHG,kg CO2e/kWh,0.493532260404579,totalCarbonfootprintcalculation/CoM-Emission-factors-for-national-electricity-2024.xlsx,grounded,Extracted from Table3_EU_LC year column 2015
electricity_pt_2016_lc,PT,Portugal,2016,CoM Table3 EU LC GHG,kg CO2e/kWh,0.415324565579365,totalCarbonfootprintcalculation/CoM-Emission-factors-for-national-electricity-2024.xlsx,grounded,Extracted from Table3_EU_LC year column 2016
electricity_pt_2017_lc,PT,Portugal,2017,CoM Table3 EU LC GHG,kg CO2e/kWh,0.522287350401541,totalCarbonfootprintcalculation/CoM-Emission-factors-for-national-electricity-2024.xlsx,grounded,Extracted from Table3_EU_LC year column 2017
electricity_pt_2018_lc,PT,Portugal,2018,CoM Table3 EU LC GHG,kg CO2e/kWh,0.431878064018314,totalCarbonfootprintcalculation/CoM-Emission-factors-for-national-electricity-2024.xlsx,grounded,Extracted from Table3_EU_LC year column 2018
electricity_pt_2019_lc,PT,Portugal,2019,CoM Table3 EU LC GHG,kg CO2e/kWh,0.352698875652606,totalCarbonfootprintcalculation/CoM-Emission-factors-for-national-electricity-2024.xlsx,grounded,Extracted from Table3_EU_LC year column 2019
electricity_pt_2020_lc,PT,Portugal,2020,CoM Table3 EU LC GHG,kg CO2e/kWh,0.286303891533052,totalCarbonfootprintcalculation/CoM-Emission-factors-for-national-electricity-2024.xlsx,grounded,Extracted from Table3_EU_LC year column 2020
electricity_pt_2021_lc,PT,Portugal,2021,CoM Table3 EU LC GHG,kg CO2e/kWh,0.248090033182926,totalCarbonfootprintcalculation/CoM-Emission-factors-for-national-electricity-2024.xlsx,grounded,Extracted from Table3_EU_LC year column 2021
electricity_ro_1990_lc,RO,Romania,1990,CoM Table3 EU LC GHG,kg CO2e/kWh,1.10214707874356,totalCarbonfootprintcalculation/CoM-Emission-factors-for-national-electricity-2024.xlsx,grounded,Extracted from Table3_EU_LC year column 1990
electricity_ro_1991_lc,RO,Romania,1991,CoM Table3 EU LC GHG,kg CO2e/kWh,1.20875135367605,totalCarbonfootprintcalculation/CoM-Emission-factors-for-national-electricity-2024.xlsx,grounded,Extracted from Table3_EU_LC year column 1991
electricity_ro_1992_lc,RO,Romania,1992,CoM Table3 EU LC GHG,kg CO2e/kWh,1.01491344214097,totalCarbonfootprintcalculation/CoM-Emission-factors-for-national-electricity-2024.xlsx,grounded,Extracted from Table3_EU_LC year column 1992
electricity_ro_1993_lc,RO,Romania,1993,CoM Table3 EU LC GHG,kg CO2e/kWh,1.14383197464503,totalCarbonfootprintcalculation/CoM-Emission-factors-for-national-electricity-2024.xlsx,grounded,Extracted from Table3_EU_LC year column 1993
electricity_ro_1994_lc,RO,Romania,1994,CoM Table3 EU LC GHG,kg CO2e/kWh,1.20151986978229,totalCarbonfootprintcalculation/CoM-Emission-factors-for-national-electricity-2024.xlsx,grounded,Extracted from Table3_EU_LC year column 1994
electricity_ro_1995_lc,RO,Romania,1995,CoM Table3 EU LC GHG,kg CO2e/kWh,1.13620151830518,totalCarbonfootprintcalculation/CoM-Emission-factors-for-national-electricity-2024.xlsx,grounded,Extracted from Table3_EU_LC year column 1995
electricity_ro_1996_lc,RO,Romania,1996,CoM Table3 EU LC GHG,kg CO2e/kWh,1.09323300667863,totalCarbonfootprintcalculation/CoM-Emission-factors-for-national-electricity-2024.xlsx,grounded,Extracted from Table3_EU_LC year column 1996
electricity_ro_1997_lc,RO,Romania,1997,CoM Table3 EU LC GHG,kg CO2e/kWh,0.851773357973885,totalCarbonfootprintcalculation/CoM-Emission-factors-for-national-electricity-2024.xlsx,grounded,Extracted from Table3_EU_LC year column 1997
electricity_ro_1998_lc,RO,Romania,1998,CoM Table3 EU LC GHG,kg CO2e/kWh,0.735028191615288,totalCarbonfootprintcalculation/CoM-Emission-factors-for-national-electricity-2024.xlsx,grounded,Extracted from Table3_EU_LC year column 1998
electricity_ro_1999_lc,RO,Romania,1999,CoM Table3 EU LC GHG,kg CO2e/kWh,0.784321490517309,totalCarbonfootprintcalculation/CoM-Emission-factors-for-national-electricity-2024.xlsx,grounded,Extracted from Table3_EU_LC year column 1999
electricity_ro_2000_lc,RO,Romania,2000,CoM Table3 EU LC GHG,kg CO2e/kWh,0.841822770905354,totalCarbonfootprintcalculation/CoM-Emission-factors-for-national-electricity-2024.xlsx,grounded,Extracted from Table3_EU_LC year column 2000
electricity_ro_2001_lc,RO,Romania,2001,CoM Table3 EU LC GHG,kg CO2e/kWh,0.782831495699855,totalCarbonfootprintcalculation/CoM-Emission-factors-for-national-electricity-2024.xlsx,grounded,Extracted from Table3_EU_LC year column 2001
electricity_ro_2002_lc,RO,Romania,2002,CoM Table3 EU LC GHG,kg CO2e/kWh,0.793855134506219,totalCarbonfootprintcalculation/CoM-Emission-factors-for-national-electricity-2024.xlsx,grounded,Extracted from Table3_EU_LC year column 2002
electricity_ro_2003_lc,RO,Romania,2003,CoM Table3 EU LC GHG,kg CO2e/kWh,0.911712630268192,totalCarbonfootprintcalculation/CoM-Emission-factors-for-national-electricity-2024.xlsx,grounded,Extracted from Table3_EU_LC year column 2003
electricity_ro_2004_lc,RO,Romania,2004,CoM Table3 EU LC GHG,kg CO2e/kWh,0.790889169487341,totalCarbonfootprintcalculation/CoM-Emission-factors-for-national-electricity-2024.xlsx,grounded,Extracted from Table3_EU_LC year column 2004
electricity_ro_2005_lc,RO,Romania,2005,CoM Table3 EU LC GHG,kg CO2e/kWh,0.699712018578577,totalCarbonfootprintcalculation/CoM-Emission-factors-for-national-electricity-2024.xlsx,grounded,Extracted from Table3_EU_LC year column 2005
electricity_ro_2006_lc,RO,Romania,2006,CoM Table3 EU LC GHG,kg CO2e/kWh,0.7915181212175,totalCarbonfootprintcalculation/CoM-Emission-factors-for-national-electricity-2024.xlsx,grounded,Extracted from Table3_EU_LC year column 2006
electricity_ro_2007_lc,RO,Romania,2007,CoM Table3 EU LC GHG,kg CO2e/kWh,0.818420451570438,totalCarbonfootprintcalculation/CoM-Emission-factors-for-national-electricity-2024.xlsx,grounded,Extracted from Table3_EU_LC year column 2007
electricity_ro_2008_lc,RO,Romania,2008,CoM Table3 EU LC GHG,kg CO2e/kWh,0.774949753862397,totalCarbonfootprintcalculation/CoM-Emission-factors-for-national-electricity-2024.xlsx,grounded,Extracted from Table3_EU_LC year column 2008
electricity_ro_2009_lc,RO,Romania,2009,CoM Table3 EU LC GHG,kg CO2e/kWh,0.722757967091514,totalCarbonfootprintcalculation/CoM-Emission-factors-for-national-electricity-2024.xlsx,grounded,Extracted from Table3_EU_LC year column 2009
electricity_ro_2010_lc,RO,Romania,2010,CoM Table3 EU LC GHG,kg CO2e/kWh,0.60093481146066,totalCarbonfootprintcalculation/CoM-Emission-factors-for-national-electricity-2024.xlsx,grounded,Extracted from Table3_EU_LC year column 2010
electricity_ro_2011_lc,RO,Romania,2011,CoM Table3 EU LC GHG,kg CO2e/kWh,0.731134958686533,totalCarbonfootprintcalculation/CoM-Emission-factors-for-national-electricity-2024.xlsx,grounded,Extracted from Table3_EU_LC year column 2011
electricity_ro_2012_lc,RO,Romania,2012,CoM Table3 EU LC GHG,kg CO2e/kWh,0.711454014598799,totalCarbonfootprintcalculation/CoM-Emission-factors-for-national-electricity-2024.xlsx,grounded,Extracted from Table3_EU_LC year column 2012
electricity_ro_2013_lc,RO,Romania,2013,CoM Table3 EU LC GHG,kg CO2e/kWh,0.539441940691463,totalCarbonfootprintcalculation/CoM-Emission-factors-for-national-electricity-2024.xlsx,grounded,Extracted from Table3_EU_LC year column 2013
electricity_ro_2014_lc,RO,Romania,2014,CoM Table3 EU LC GHG,kg CO2e/kWh,0.483755618838346,totalCarbonfootprintcalculation/CoM-Emission-factors-for-national-electricity-2024.xlsx,grounded,Extracted from Table3_EU_LC year column 2014
electricity_ro_2015_lc,RO,Romania,2015,CoM Table3 EU LC GHG,kg CO2e/kWh,0.508468001308529,totalCarbonfootprintcalculation/CoM-Emission-factors-for-national-electricity-2024.xlsx,grounded,Extracted from Table3_EU_LC year column 2015
electricity_ro_2016_lc,RO,Romania,2016,CoM Table3 EU LC GHG,kg CO2e/kWh,0.488294077480476,totalCarbonfootprintcalculation/CoM-Emission-factors-for-national-electricity-2024.xlsx,grounded,Extracted from Table3_EU_LC year column 2016
electricity_ro_2017_lc,RO,Romania,2017,CoM Table3 EU LC GHG,kg CO2e/kWh,0.518424248207458,totalCarbonfootprintcalculation/CoM-Emission-factors-for-national-electricity-2024.xlsx,grounded,Extracted from Table3_EU_LC year column 2017
electricity_ro_2018_lc,RO,Romania,2018,CoM Table3 EU LC GHG,kg CO2e/kWh,0.498777649311666,totalCarbonfootprintcalculation/CoM-Emission-factors-for-national-electricity-2024.xlsx,grounded,Extracted from Table3_EU_LC year column 2018
electricity_ro_2019_lc,RO,Romania,2019,CoM Table3 EU LC GHG,kg CO2e/kWh,0.503368338125481,totalCarbonfootprintcalculation/CoM-Emission-factors-for-national-electricity-2024.xlsx,grounded,Extracted from Table3_EU_LC year column 2019
electricity_ro_2020_lc,RO,Romania,2020,CoM Table3 EU LC GHG,kg CO2e/kWh,0.424498191708632,totalCarbonfootprintcalculation/CoM-Emission-factors-for-national-electricity-2024.xlsx,grounded,Extracted from Table3_EU_LC year column 2020
electricity_ro_2021_lc,RO,Romania,2021,CoM Table3 EU LC GHG,kg CO2e/kWh,0.418180614559811,totalCarbonfootprintcalculation/CoM-Emission-factors-for-national-electricity-2024.xlsx,grounded,Extracted from Table3_EU_LC year column 2021
electricity_si_1990_lc,SI,Slovenia,1990,CoM Table3 EU LC GHG,kg CO2e/kWh,0.564910592468697,totalCarbonfootprintcalculation/CoM-Emission-factors-for-national-electricity-2024.xlsx,grounded,Extracted from Table3_EU_LC year column 1990
electricity_si_1991_lc,SI,Slovenia,1991,CoM Table3 EU LC GHG,kg CO2e/kWh,0.430920437670277,totalCarbonfootprintcalculation/CoM-Emission-factors-for-national-electricity-2024.xlsx,grounded,Extracted from Table3_EU_LC year column 1991
electricity_si_1992_lc,SI,Slovenia,1992,CoM Table3 EU LC GHG,kg CO2e/kWh,0.535177969450323,totalCarbonfootprintcalculation/CoM-Emission-factors-for-national-electricity-2024.xlsx,grounded,Extracted from Table3_EU_LC year column 1992
electricity_si_1993_lc,SI,Slovenia,1993,CoM Table3 EU LC GHG,kg CO2e/kWh,0.531259887129547,totalCarbonfootprintcalculation/CoM-Emission-factors-for-national-electricity-2024.xlsx,grounded,Extracted from Table3_EU_LC year column 1993
electricity_si_1994_lc,SI,Slovenia,1994,CoM Table3 EU LC GHG,kg CO2e/kWh,0.457401385776695,totalCarbonfootprintcalculation/CoM-Emission-factors-for-national-electricity-2024.xlsx,grounded,Extracted from Table3_EU_LC year column 1994
electricity_si_1995_lc,SI,Slovenia,1995,CoM Table3 EU LC GHG,kg CO2e/kWh,0.476389751267098,totalCarbonfootprintcalculation/CoM-Emission-factors-for-national-electricity-2024.xlsx,grounded,Extracted from Table3_EU_LC year column 1995
electricity_si_1996_lc,SI,Slovenia,1996,CoM Table3 EU LC GHG,kg CO2e/kWh,0.445334488432111,totalCarbonfootprintcalculation/CoM-Emission-factors-for-national-electricity-2024.xlsx,grounded,Extracted from Table3_EU_LC year column 1996
electricity_si_1997_lc,SI,Slovenia,1997,CoM Table3 EU LC GHG,kg CO2e/kWh,0.431430671514738,totalCarbonfootprintcalculation/CoM-Emission-factors-for-national-electricity-2024.xlsx,grounded,Extracted from Table3_EU_LC year column 1997
electricity_si_1998_lc,SI,Slovenia,1998,CoM Table3 EU LC GHG,kg CO2e/kWh,0.456878015469703,totalCarbonfootprintcalculation/CoM-Emission-factors-for-national-electricity-2024.xlsx,grounded,Extracted from Table3_EU_LC year column 1998
electricity_si_1999_lc,SI,Slovenia,1999,CoM Table3 EU LC GHG,kg CO2e/kWh,0.401397769706238,totalCarbonfootprintcalculation/CoM-Emission-factors-for-national-electricity-2024.xlsx,grounded,Extracted from Table3_EU_LC year column 1999
electricity_si_2000_lc,SI,Slovenia,2000,CoM Table3 EU LC GHG,kg CO2e/kWh,0.366018522623337,totalCarbonfootprintcalculation/CoM-Emission-factors-for-national-electricity-2024.xlsx,grounded,Extracted from Table3_EU_LC year column 2000
electricity_si_2001_lc,SI,Slovenia,2001,CoM Table3 EU LC GHG,kg CO2e/kWh,0.397901741236828,totalCarbonfootprintcalculation/CoM-Emission-factors-for-national-electricity-2024.xlsx,grounded,Extracted from Table3_EU_LC year column 2001
electricity_si_2002_lc,SI,Slovenia,2002,CoM Table3 EU LC GHG,kg CO2e/kWh,0.416866958223498,totalCarbonfootprintcalculation/CoM-Emission-factors-for-national-electricity-2024.xlsx,grounded,Extracted from Table3_EU_LC year column 2002
electricity_si_2003_lc,SI,Slovenia,2003,CoM Table3 EU LC GHG,kg CO2e/kWh,0.426731705985939,totalCarbonfootprintcalculation/CoM-Emission-factors-for-national-electricity-2024.xlsx,grounded,Extracted from Table3_EU_LC year column 2003
electricity_si_2004_lc,SI,Slovenia,2004,CoM Table3 EU LC GHG,kg CO2e/kWh,0.409487920381961,totalCarbonfootprintcalculation/CoM-Emission-factors-for-national-electricity-2024.xlsx,grounded,Extracted from Table3_EU_LC year column 2004
electricity_si_2005_lc,SI,Slovenia,2005,CoM Table3 EU LC GHG,kg CO2e/kWh,0.426198386652298,totalCarbonfootprintcalculation/CoM-Emission-factors-for-national-electricity-2024.xlsx,grounded,Extracted from Table3_EU_LC year column 2005
electricity_si_2006_lc,SI,Slovenia,2006,CoM Table3 EU LC GHG,kg CO2e/kWh,0.439113108532949,totalCarbonfootprintcalculation/CoM-Emission-factors-for-national-electricity-2024.xlsx,grounded,Extracted from Table3_EU_LC year column 2006
electricity_si_2007_lc,SI,Slovenia,2007,CoM Table3 EU LC GHG,kg CO2e/kWh,0.479985481469548,totalCarbonfootprintcalculation/CoM-Emission-factors-for-national-electricity-2024.xlsx,grounded,Extracted from Table3_EU_LC year column 2007
electricity_si_2008_lc,SI,Slovenia,2008,CoM Table3 EU LC GHG,kg CO2e/kWh,0.427905478335878,totalCarbonfootprintcalculation/CoM-Emission-factors-for-national-electricity-2024.xlsx,grounded,Extracted from Table3_EU_LC year column 2008
electricity_si_2009_lc,SI,Slovenia,2009,CoM Table3 EU LC GHG,kg CO2e/kWh,0.369955722863753,totalCarbonfootprintcalculation/CoM-Emission-factors-for-national-electricity-2024.xlsx,grounded,Extracted from Table3_EU_LC year column 2009
electricity_si_2010_lc,SI,Slovenia,2010,CoM Table3 EU LC GHG,kg CO2e/kWh,0.354514863869238,totalCarbonfootprintcalculation/CoM-Emission-factors-for-national-electricity-2024.xlsx,grounded,Extracted from Table3_EU_LC year column 2010
electricity_si_2011_lc,SI,Slovenia,2011,CoM Table3 EU LC GHG,kg CO2e/kWh,0.408193415369945,totalCarbonfootprintcalculation/CoM-Emission-factors-for-national-electricity-2024.xlsx,grounded,Extracted from Table3_EU_LC year column 2011
electricity_si_2012_lc,SI,Slovenia,2012,CoM Table3 EU LC GHG,kg CO2e/kWh,0.356104865343511,totalCarbonfootprintcalculation/CoM-Emission-factors-for-national-electricity-2024.xlsx,grounded,Extracted from Table3_EU_LC year column 2012
electricity_si_2013_lc,SI,Slovenia,2013,CoM Table3 EU LC GHG,kg CO2e/kWh,0.337073167614305,totalCarbonfootprintcalculation/CoM-Emission-factors-for-national-electricity-2024.xlsx,grounded,Extracted from Table3_EU_LC year column 2013
electricity_si_2014_lc,SI,Slovenia,2014,CoM Table3 EU LC GHG,kg CO2e/kWh,0.256588610946556,totalCarbonfootprintcalculation/CoM-Emission-factors-for-national-electricity-2024.xlsx,grounded,Extracted from Table3_EU_LC year column 2014
electricity_si_2015_lc,SI,Slovenia,2015,CoM Table3 EU LC GHG,kg CO2e/kWh,0.285906871283442,totalCarbonfootprintcalculation/CoM-Emission-factors-for-national-electricity-2024.xlsx,grounded,Extracted from Table3_EU_LC year column 2015
electricity_si_2016_lc,SI,Slovenia,2016,CoM Table3 EU LC GHG,kg CO2e/kWh,0.287425410799805,totalCarbonfootprintcalculation/CoM-Emission-factors-for-national-electricity-2024.xlsx,grounded,Extracted from Table3_EU_LC year column 2016
electricity_si_2017_lc,SI,Slovenia,2017,CoM Table3 EU LC GHG,kg CO2e/kWh,0.270243666751578,totalCarbonfootprintcalculation/CoM-Emission-factors-for-national-electricity-2024.xlsx,grounded,Extracted from Table3_EU_LC year column 2017
electricity_si_2018_lc,SI,Slovenia,2018,CoM Table3 EU LC GHG,kg CO2e/kWh,0.248931835736046,totalCarbonfootprintcalculation/CoM-Emission-factors-for-national-electricity-2024.xlsx,grounded,Extracted from Table3_EU_LC year column 2018
electricity_si_2019_lc,SI,Slovenia,2019,CoM Table3 EU LC GHG,kg CO2e/kWh,0.249585651854157,totalCarbonfootprintcalculation/CoM-Emission-factors-for-national-electricity-2024.xlsx,grounded,Extracted from Table3_EU_LC year column 2019
electricity_si_2020_lc,SI,Slovenia,2020,CoM Table3 EU LC GHG,kg CO2e/kWh,0.242274871836385,totalCarbonfootprintcalculation/CoM-Emission-factors-for-national-electricity-2024.xlsx,grounded,Extracted from Table3_EU_LC year column 2020
electricity_si_2021_lc,SI,Slovenia,2021,CoM Table3 EU LC GHG,kg CO2e/kWh,0.234854901585489,totalCarbonfootprintcalculation/CoM-Emission-factors-for-national-electricity-2024.xlsx,grounded,Extracted from Table3_EU_LC year column 2021
electricity_sk_1990_lc,SK,Slovakia,1990,CoM Table3 EU LC GHG,kg CO2e/kWh,0.601658385406525,totalCarbonfootprintcalculation/CoM-Emission-factors-for-national-electricity-2024.xlsx,grounded,Extracted from Table3_EU_LC year column 1990
electricity_sk_1991_lc,SK,Slovakia,1991,CoM Table3 EU LC GHG,kg CO2e/kWh,0.708247182860762,totalCarbonfootprintcalculation/CoM-Emission-factors-for-national-electricity-2024.xlsx,grounded,Extracted from Table3_EU_LC year column 1991
electricity_sk_1992_lc,SK,Slovakia,1992,CoM Table3 EU LC GHG,kg CO2e/kWh,0.657651095886402,totalCarbonfootprintcalculation/CoM-Emission-factors-for-national-electricity-2024.xlsx,grounded,Extracted from Table3_EU_LC year column 1992
electricity_sk_1993_lc,SK,Slovakia,1993,CoM Table3 EU LC GHG,kg CO2e/kWh,0.646566726469772,totalCarbonfootprintcalculation/CoM-Emission-factors-for-national-electricity-2024.xlsx,grounded,Extracted from Table3_EU_LC year column 1993
electricity_sk_1994_lc,SK,Slovakia,1994,CoM Table3 EU LC GHG,kg CO2e/kWh,0.539500718101141,totalCarbonfootprintcalculation/CoM-Emission-factors-for-national-electricity-2024.xlsx,grounded,Extracted from Table3_EU_LC year column 1994
electricity_sk_1995_lc,SK,Slovakia,1995,CoM Table3 EU LC GHG,kg CO2e/kWh,0.575229640278791,totalCarbonfootprintcalculation/CoM-Emission-factors-for-national-electricity-2024.xlsx,grounded,Extracted from Table3_EU_LC year column 1995
electricity_sk_1996_lc,SK,Slovakia,1996,CoM Table3 EU LC GHG,kg CO2e/kWh,0.591320477894001,totalCarbonfootprintcalculation/CoM-Emission-factors-for-national-electricity-2024.xlsx,grounded,Extracted from Table3_EU_LC year column 1996
electricity_sk_1997_lc,SK,Slovakia,1997,CoM Table3 EU LC GHG,kg CO2e/kWh,0.631949957734026,totalCarbonfootprintcalculation/CoM-Emission-factors-for-national-electricity-2024.xlsx,grounded,Extracted from Table3_EU_LC year column 1997
electricity_sk_1998_lc,SK,Slovakia,1998,CoM Table3 EU LC GHG,kg CO2e/kWh,0.605843016489816,totalCarbonfootprintcalculation/CoM-Emission-factors-for-national-electricity-2024.xlsx,grounded,Extracted from Table3_EU_LC year column 1998
electricity_sk_1999_lc,SK,Slovakia,1999,CoM Table3 EU LC GHG,kg CO2e/kWh,0.572876663304242,totalCarbonfootprintcalculation/CoM-Emission-factors-for-national-electricity-2024.xlsx,grounded,Extracted from Table3_EU_LC year column 1999
electricity_sk_2000_lc,SK,Slovakia,2000,CoM Table3 EU LC GHG,kg CO2e/kWh,0.504765256463881,totalCarbonfootprintcalculation/CoM-Emission-factors-for-national-electricity-2024.xlsx,grounded,Extracted from Table3_EU_LC year column 2000
electricity_sk_2001_lc,SK,Slovakia,2001,CoM Table3 EU LC GHG,kg CO2e/kWh,0.465853167759429,totalCarbonfootprintcalculation/CoM-Emission-factors-for-national-electricity-2024.xlsx,grounded,Extracted from Table3_EU_LC year column 2001
electricity_sk_2002_lc,SK,Slovakia,2002,CoM Table3 EU LC GHG,kg CO2e/kWh,0.45833601340179,totalCarbonfootprintcalculation/CoM-Emission-factors-for-national-electricity-2024.xlsx,grounded,Extracted from Table3_EU_LC year column 2002
electricity_sk_2003_lc,SK,Slovakia,2003,CoM Table3 EU LC GHG,kg CO2e/kWh,0.526090684718443,totalCarbonfootprintcalculation/CoM-Emission-factors-for-national-electricity-2024.xlsx,grounded,Extracted from Table3_EU_LC year column 2003
electricity_sk_2004_lc,SK,Slovakia,2004,CoM Table3 EU LC GHG,kg CO2e/kWh,0.491111775395091,totalCarbonfootprintcalculation/CoM-Emission-factors-for-national-electricity-2024.xlsx,grounded,Extracted from Table3_EU_LC year column 2004
electricity_sk_2005_lc,SK,Slovakia,2005,CoM Table3 EU LC GHG,kg CO2e/kWh,0.487694030495044,totalCarbonfootprintcalculation/CoM-Emission-factors-for-national-electricity-2024.xlsx,grounded,Extracted from Table3_EU_LC year column 2005
electricity_sk_2006_lc,SK,Slovakia,2006,CoM Table3 EU LC GHG,kg CO2e/kWh,0.48736877004526,totalCarbonfootprintcalculation/CoM-Emission-factors-for-national-electricity-2024.xlsx,grounded,Extracted from Table3_EU_LC year column 2006
electricity_sk_2007_lc,SK,Slovakia,2007,CoM Table3 EU LC GHG,kg CO2e/kWh,0.563691266892606,totalCarbonfootprintcalculation/CoM-Emission-factors-for-national-electricity-2024.xlsx,grounded,Extracted from Table3_EU_LC year column 2007
electricity_sk_2008_lc,SK,Slovakia,2008,CoM Table3 EU LC GHG,kg CO2e/kWh,0.463491778498384,totalCarbonfootprintcalculation/CoM-Emission-factors-for-national-electricity-2024.xlsx,grounded,Extracted from Table3_EU_LC year column 2008
electricity_sk_2009_lc,SK,Slovakia,2009,CoM Table3 EU LC GHG,kg CO2e/kWh,0.459404477401107,totalCarbonfootprintcalculation/CoM-Emission-factors-for-national-electricity-2024.xlsx,grounded,Extracted from Table3_EU_LC year column 2009
electricity_sk_2010_lc,SK,Slovakia,2010,CoM Table3 EU LC GHG,kg CO2e/kWh,0.397994905974945,totalCarbonfootprintcalculation/CoM-Emission-factors-for-national-electricity-2024.xlsx,grounded,Extracted from Table3_EU_LC year column 2010
electricity_sk_2011_lc,SK,Slovakia,2011,CoM Table3 EU LC GHG,kg CO2e/kWh,0.472120761673558,totalCarbonfootprintcalculation/CoM-Emission-factors-for-national-electricity-2024.xlsx,grounded,Extracted from Table3_EU_LC year column 2011
electricity_sk_2012_lc,SK,Slovakia,2012,CoM Table3 EU LC GHG,kg CO2e/kWh,0.503006640901062,totalCarbonfootprintcalculation/CoM-Emission-factors-for-national-electricity-2024.xlsx,grounded,Extracted from Table3_EU_LC year column 2012
electricity_sk_2013_lc,SK,Slovakia,2013,CoM Table3 EU LC GHG,kg CO2e/kWh,0.40816519985439,totalCarbonfootprintcalculation/CoM-Emission-factors-for-national-electricity-2024.xlsx,grounded,Extracted from Table3_EU_LC year column 2013
electricity_sk_2014_lc,SK,Slovakia,2014,CoM Table3 EU LC GHG,kg CO2e/kWh,0.447131643863705,totalCarbonfootprintcalculation/CoM-Emission-factors-for-national-electricity-2024.xlsx,grounded,Extracted from Table3_EU_LC year column 2014
electricity_sk_2015_lc,SK,Slovakia,2015,CoM Table3 EU LC GHG,kg CO2e/kWh,0.503449807659676,totalCarbonfootprintcalculation/CoM-Emission-factors-for-national-electricity-2024.xlsx,grounded,Extracted from Table3_EU_LC year column 2015
electricity_sk_2016_lc,SK,Slovakia,2016,CoM Table3 EU LC GHG,kg CO2e/kWh,0.455263256308308,totalCarbonfootprintcalculation/CoM-Emission-factors-for-national-electricity-2024.xlsx,grounded,Extracted from Table3_EU_LC year column 2016
electricity_sk_2017_lc,SK,Slovakia,2017,CoM Table3 EU LC GHG,kg CO2e/kWh,0.470231570912889,totalCarbonfootprintcalculation/CoM-Emission-factors-for-national-electricity-2024.xlsx,grounded,Extracted from Table3_EU_LC year column 2017
electricity_sk_2018_lc,SK,Slovakia,2018,CoM Table3 EU LC GHG,kg CO2e/kWh,0.408601292495955,totalCarbonfootprintcalculation/CoM-Emission-factors-for-national-electricity-2024.xlsx,grounded,Extracted from Table3_EU_LC year column 2018
electricity_sk_2019_lc,SK,Slovakia,2019,CoM Table3 EU LC GHG,kg CO2e/kWh,0.397299222229891,totalCarbonfootprintcalculation/CoM-Emission-factors-for-national-electricity-2024.xlsx,grounded,Extracted from Table3_EU_LC year column 2019
electricity_sk_2020_lc,SK,Slovakia,2020,CoM Table3 EU LC GHG,kg CO2e/kWh,0.381219523409429,totalCarbonfootprintcalculation/CoM-Emission-factors-for-national-electricity-2024.xlsx,grounded,Extracted from Table3_EU_LC year column 2020
electricity_sk_2021_lc,SK,Slovakia,2021,CoM Table3 EU LC GHG,kg CO2e/kWh,0.39585242003102,totalCarbonfootprintcalculation/CoM-Emission-factors-for-national-electricity-2024.xlsx,grounded,Extracted from Table3_EU_LC year column 2021
electricity_fi_1990_lc,FI,Finland,1990,CoM Table3 EU LC GHG,kg CO2e/kWh,0.209165058243485,totalCarbonfootprintcalculation/CoM-Emission-factors-for-national-electricity-2024.xlsx,grounded,Extracted from Table3_EU_LC year column 1990
electricity_fi_1991_lc,FI,Finland,1991,CoM Table3 EU LC GHG,kg CO2e/kWh,0.222677994208129,totalCarbonfootprintcalculation/CoM-Emission-factors-for-national-electricity-2024.xlsx,grounded,Extracted from Table3_EU_LC year column 1991
electricity_fi_1992_lc,FI,Finland,1992,CoM Table3 EU LC GHG,kg CO2e/kWh,0.17928490228701,totalCarbonfootprintcalculation/CoM-Emission-factors-for-national-electricity-2024.xlsx,grounded,Extracted from Table3_EU_LC year column 1992
electricity_fi_1993_lc,FI,Finland,1993,CoM Table3 EU LC GHG,kg CO2e/kWh,0.223737750359454,totalCarbonfootprintcalculation/CoM-Emission-factors-for-national-electricity-2024.xlsx,grounded,Extracted from Table3_EU_LC year column 1993
electricity_fi_1994_lc,FI,Finland,1994,CoM Table3 EU LC GHG,kg CO2e/kWh,0.293613898864878,totalCarbonfootprintcalculation/CoM-Emission-factors-for-national-electricity-2024.xlsx,grounded,Extracted from Table3_EU_LC year column 1994
electricity_fi_1995_lc,FI,Finland,1995,CoM Table3 EU LC GHG,kg CO2e/kWh,0.260392519837237,totalCarbonfootprintcalculation/CoM-Emission-factors-for-national-electricity-2024.xlsx,grounded,Extracted from Table3_EU_LC year column 1995
electricity_fi_1996_lc,FI,Finland,1996,CoM Table3 EU LC GHG,kg CO2e/kWh,0.345458688587304,totalCarbonfootprintcalculation/CoM-Emission-factors-for-national-electricity-2024.xlsx,grounded,Extracted from Table3_EU_LC year column 1996
electricity_fi_1997_lc,FI,Finland,1997,CoM Table3 EU LC GHG,kg CO2e/kWh,0.296948176806465,totalCarbonfootprintcalculation/CoM-Emission-factors-for-national-electricity-2024.xlsx,grounded,Extracted from Table3_EU_LC year column 1997
electricity_fi_1998_lc,FI,Finland,1998,CoM Table3 EU LC GHG,kg CO2e/kWh,0.216570473810734,totalCarbonfootprintcalculation/CoM-Emission-factors-for-national-electricity-2024.xlsx,grounded,Extracted from Table3_EU_LC year column 1998
electricity_fi_1999_lc,FI,Finland,1999,CoM Table3 EU LC GHG,kg CO2e/kWh,0.211923987681927,totalCarbonfootprintcalculation/CoM-Emission-factors-for-national-electricity-2024.xlsx,grounded,Extracted from Table3_EU_LC year column 1999
electricity_fi_2000_lc,FI,Finland,2000,CoM Table3 EU LC GHG,kg CO2e/kWh,0.191313344467909,totalCarbonfootprintcalculation/CoM-Emission-factors-for-national-electricity-2024.xlsx,grounded,Extracted from Table3_EU_LC year column 2000
electricity_fi_2001_lc,FI,Finland,2001,CoM Table3 EU LC GHG,kg CO2e/kWh,0.24036446915105,totalCarbonfootprintcalculation/CoM-Emission-factors-for-national-electricity-2024.xlsx,grounded,Extracted from Table3_EU_LC year column 2001
electricity_fi_2002_lc,FI,Finland,2002,CoM Table3 EU LC GHG,kg CO2e/kWh,0.25960540985078,totalCarbonfootprintcalculation/CoM-Emission-factors-for-national-electricity-2024.xlsx,grounded,Extracted from Table3_EU_LC year column 2002
electricity_fi_2003_lc,FI,Finland,2003,CoM Table3 EU LC GHG,kg CO2e/kWh,0.338168140284483,totalCarbonfootprintcalculation/CoM-Emission-factors-for-national-electricity-2024.xlsx,grounded,Extracted from Table3_EU_LC year column 2003
electricity_fi_2004_lc,FI,Finland,2004,CoM Table3 EU LC GHG,kg CO2e/kWh,0.28765037818768,totalCarbonfootprintcalculation/CoM-Emission-factors-for-national-electricity-2024.xlsx,grounded,Extracted from Table3_EU_LC year column 2004
electricity_fi_2005_lc,FI,Finland,2005,CoM Table3 EU LC GHG,kg CO2e/kWh,0.168541254862461,totalCarbonfootprintcalculation/CoM-Emission-factors-for-national-electricity-2024.xlsx,grounded,Extracted from Table3_EU_LC year column 2005
electricity_fi_2006_lc,FI,Finland,2006,CoM Table3 EU LC GHG,kg CO2e/kWh,0.287331706932594,totalCarbonfootprintcalculation/CoM-Emission-factors-for-national-electricity-2024.xlsx,grounded,Extracted from Table3_EU_LC year column 2006
electricity_fi_2007_lc,FI,Finland,2007,CoM Table3 EU LC GHG,kg CO2e/kWh,0.284938251979172,totalCarbonfootprintcalculation/CoM-Emission-factors-for-national-electricity-2024.xlsx,grounded,Extracted from Table3_EU_LC year column 2007
electricity_fi_2008_lc,FI,Finland,2008,CoM Table3 EU LC GHG,kg CO2e/kWh,0.226276369184305,totalCarbonfootprintcalculation/CoM-Emission-factors-for-national-electricity-2024.xlsx,grounded,Extracted from Table3_EU_LC year column 2008
electricity_fi_2009_lc,FI,Finland,2009,CoM Table3 EU LC GHG,kg CO2e/kWh,0.231631565378885,totalCarbonfootprintcalculation/CoM-Emission-factors-for-national-electricity-2024.xlsx,grounded,Extracted from Table3_EU_LC year column 2009
electricity_fi_2010_lc,FI,Finland,2010,CoM Table3 EU LC GHG,kg CO2e/kWh,0.27485704176687,totalCarbonfootprintcalculation/CoM-Emission-factors-for-national-electricity-2024.xlsx,grounded,Extracted from Table3_EU_LC year column 2010
electricity_fi_2011_lc,FI,Finland,2011,CoM Table3 EU LC GHG,kg CO2e/kWh,0.223587589001171,totalCarbonfootprintcalculation/CoM-Emission-factors-for-national-electricity-2024.xlsx,grounded,Extracted from Table3_EU_LC year column 2011
electricity_fi_2012_lc,FI,Finland,2012,CoM Table3 EU LC GHG,kg CO2e/kWh,0.14476327558762,totalCarbonfootprintcalculation/CoM-Emission-factors-for-national-electricity-2024.xlsx,grounded,Extracted from Table3_EU_LC year column 2012
electricity_fi_2013_lc,FI,Finland,2013,CoM Table3 EU LC GHG,kg CO2e/kWh,0.185873019588817,totalCarbonfootprintcalculation/CoM-Emission-factors-for-national-electricity-2024.xlsx,grounded,Extracted from Table3_EU_LC year column 2013
electricity_fi_2014_lc,FI,Finland,2014,CoM Table3 EU LC GHG,kg CO2e/kWh,0.143876139395766,totalCarbonfootprintcalculation/CoM-Emission-factors-for-national-electricity-2024.xlsx,grounded,Extracted from Table3_EU_LC year column 2014
electricity_fi_2015_lc,FI,Finland,2015,CoM Table3 EU LC GHG,kg CO2e/kWh,0.105689809824673,totalCarbonfootprintcalculation/CoM-Emission-factors-for-national-electricity-2024.xlsx,grounded,Extracted from Table3_EU_LC year column 2015
electricity_fi_2016_lc,FI,Finland,2016,CoM Table3 EU LC GHG,kg CO2e/kWh,0.119977671532858,totalCarbonfootprintcalculation/CoM-Emission-factors-for-national-electricity-2024.xlsx,grounded,Extracted from Table3_EU_LC year column 2016
electricity_fi_2017_lc,FI,Finland,2017,CoM Table3 EU LC GHG,kg CO2e/kWh,0.116619503331294,totalCarbonfootprintcalculation/CoM-Emission-factors-for-national-electricity-2024.xlsx,grounded,Extracted from Table3_EU_LC year column 2017
electricity_fi_2018_lc,FI,Finland,2018,CoM Table3 EU LC GHG,kg CO2e/kWh,0.129447086321646,totalCarbonfootprintcalculation/CoM-Emission-factors-for-national-electricity-2024.xlsx,grounded,Extracted from Table3_EU_LC year column 2018
electricity_fi_2019_lc,FI,Finland,2019,CoM Table3 EU LC GHG,kg CO2e/kWh,0.0954827773945797,totalCarbonfootprintcalculation/CoM-Emission-factors-for-national-electricity-2024.xlsx,grounded,Extracted from Table3_EU_LC year column 2019
electricity_fi_2020_lc,FI,Finland,2020,CoM Table3 EU LC GHG,kg CO2e/kWh,0.0712242977344344,totalCarbonfootprintcalculation/CoM-Emission-factors-for-national-electricity-2024.xlsx,grounded,Extracted from Table3_EU_LC year column 2020
electricity_fi_2021_lc,FI,Finland,2021,CoM Table3 EU LC GHG,kg CO2e/kWh,0.0734289173870758,totalCarbonfootprintcalculation/CoM-Emission-factors-for-national-electricity-2024.xlsx,grounded,Extracted from Table3_EU_LC year column 2021
electricity_se_1990_lc,SE,Sweden,1990,CoM Table3 EU LC GHG,kg CO2e/kWh,0.0170062593455785,totalCarbonfootprintcalculation/CoM-Emission-factors-for-national-electricity-2024.xlsx,grounded,Extracted from Table3_EU_LC year column 1990
electricity_se_1991_lc,SE,Sweden,1991,CoM Table3 EU LC GHG,kg CO2e/kWh,0.0305254282145732,totalCarbonfootprintcalculation/CoM-Emission-factors-for-national-electricity-2024.xlsx,grounded,Extracted from Table3_EU_LC year column 1991
electricity_se_1992_lc,SE,Sweden,1992,CoM Table3 EU LC GHG,kg CO2e/kWh,0.0331559620481624,totalCarbonfootprintcalculation/CoM-Emission-factors-for-national-electricity-2024.xlsx,grounded,Extracted from Table3_EU_LC year column 1992
electricity_se_1993_lc,SE,Sweden,1993,CoM Table3 EU LC GHG,kg CO2e/kWh,0.0324585037592827,totalCarbonfootprintcalculation/CoM-Emission-factors-for-national-electricity-2024.xlsx,grounded,Extracted from Table3_EU_LC year column 1993
electricity_se_1994_lc,SE,Sweden,1994,CoM Table3 EU LC GHG,kg CO2e/kWh,0.0399427311473921,totalCarbonfootprintcalculation/CoM-Emission-factors-for-national-electricity-2024.xlsx,grounded,Extracted from Table3_EU_LC year column 1994
electricity_se_1995_lc,SE,Sweden,1995,CoM Table3 EU LC GHG,kg CO2e/kWh,0.0276391301455421,totalCarbonfootprintcalculation/CoM-Emission-factors-for-national-electricity-2024.xlsx,grounded,Extracted from Table3_EU_LC year column 1995
electricity_se_1996_lc,SE,Sweden,1996,CoM Table3 EU LC GHG,kg CO2e/kWh,0.10950549726065,totalCarbonfootprintcalculation/CoM-Emission-factors-for-national-electricity-2024.xlsx,grounded,Extracted from Table3_EU_LC year column 1996
electricity_se_1997_lc,SE,Sweden,1997,CoM Table3 EU LC GHG,kg CO2e/kWh,0.0581947830554984,totalCarbonfootprintcalculation/CoM-Emission-factors-for-national-electricity-2024.xlsx,grounded,Extracted from Table3_EU_LC year column 1997
electricity_se_1998_lc,SE,Sweden,1998,CoM Table3 EU LC GHG,kg CO2e/kWh,0.0404923427513674,totalCarbonfootprintcalculation/CoM-Emission-factors-for-national-electricity-2024.xlsx,grounded,Extracted from Table3_EU_LC year column 1998
electricity_se_1999_lc,SE,Sweden,1999,CoM Table3 EU LC GHG,kg CO2e/kWh,0.0330491243613336,totalCarbonfootprintcalculation/CoM-Emission-factors-for-national-electricity-2024.xlsx,grounded,Extracted from Table3_EU_LC year column 1999
electricity_se_2000_lc,SE,Sweden,2000,CoM Table3 EU LC GHG,kg CO2e/kWh,0.030321440736082,totalCarbonfootprintcalculation/CoM-Emission-factors-for-national-electricity-2024.xlsx,grounded,Extracted from Table3_EU_LC year column 2000
electricity_se_2001_lc,SE,Sweden,2001,CoM Table3 EU LC GHG,kg CO2e/kWh,0.041323225012061,totalCarbonfootprintcalculation/CoM-Emission-factors-for-national-electricity-2024.xlsx,grounded,Extracted from Table3_EU_LC year column 2001
electricity_se_2002_lc,SE,Sweden,2002,CoM Table3 EU LC GHG,kg CO2e/kWh,0.0568282578172728,totalCarbonfootprintcalculation/CoM-Emission-factors-for-national-electricity-2024.xlsx,grounded,Extracted from Table3_EU_LC year column 2002
electricity_se_2003_lc,SE,Sweden,2003,CoM Table3 EU LC GHG,kg CO2e/kWh,0.115402169205829,totalCarbonfootprintcalculation/CoM-Emission-factors-for-national-electricity-2024.xlsx,grounded,Extracted from Table3_EU_LC year column 2003
electricity_se_2004_lc,SE,Sweden,2004,CoM Table3 EU LC GHG,kg CO2e/kWh,0.0760772803936477,totalCarbonfootprintcalculation/CoM-Emission-factors-for-national-electricity-2024.xlsx,grounded,Extracted from Table3_EU_LC year column 2004
electricity_se_2005_lc,SE,Sweden,2005,CoM Table3 EU LC GHG,kg CO2e/kWh,0.0398337439129101,totalCarbonfootprintcalculation/CoM-Emission-factors-for-national-electricity-2024.xlsx,grounded,Extracted from Table3_EU_LC year column 2005
electricity_se_2006_lc,SE,Sweden,2006,CoM Table3 EU LC GHG,kg CO2e/kWh,0.0729305106371409,totalCarbonfootprintcalculation/CoM-Emission-factors-for-national-electricity-2024.xlsx,grounded,Extracted from Table3_EU_LC year column 2006
electricity_se_2007_lc,SE,Sweden,2007,CoM Table3 EU LC GHG,kg CO2e/kWh,0.0409100614260862,totalCarbonfootprintcalculation/CoM-Emission-factors-for-national-electricity-2024.xlsx,grounded,Extracted from Table3_EU_LC year column 2007
electricity_se_2008_lc,SE,Sweden,2008,CoM Table3 EU LC GHG,kg CO2e/kWh,0.0356625628771386,totalCarbonfootprintcalculation/CoM-Emission-factors-for-national-electricity-2024.xlsx,grounded,Extracted from Table3_EU_LC year column 2008
electricity_se_2009_lc,SE,Sweden,2009,CoM Table3 EU LC GHG,kg CO2e/kWh,0.0474680587512115,totalCarbonfootprintcalculation/CoM-Emission-factors-for-national-electricity-2024.xlsx,grounded,Extracted from Table3_EU_LC year column 2009
electricity_se_2010_lc,SE,Sweden,2010,CoM Table3 EU LC GHG,kg CO2e/kWh,0.067899266703236,totalCarbonfootprintcalculation/CoM-Emission-factors-for-national-electricity-2024.xlsx,grounded,Extracted from Table3_EU_LC year column 2010
electricity_se_2011_lc,SE,Sweden,2011,CoM Table3 EU LC GHG,kg CO2e/kWh,0.0413654411574748,totalCarbonfootprintcalculation/CoM-Emission-factors-for-national-electricity-2024.xlsx,grounded,Extracted from Table3_EU_LC year column 2011
electricity_se_2012_lc,SE,Sweden,2012,CoM Table3 EU LC GHG,kg CO2e/kWh,0.0249713337394184,totalCarbonfootprintcalculation/CoM-Emission-factors-for-national-electricity-2024.xlsx,grounded,Extracted from Table3_EU_LC year column 2012
electricity_se_2013_lc,SE,Sweden,2013,CoM Table3 EU LC GHG,kg CO2e/kWh,0.0409381162687187,totalCarbonfootprintcalculation/CoM-Emission-factors-for-national-electricity-2024.xlsx,grounded,Extracted from Table3_EU_LC year column 2013
electricity_se_2014_lc,SE,Sweden,2014,CoM Table3 EU LC GHG,kg CO2e/kWh,0.0296536995882602,totalCarbonfootprintcalculation/CoM-Emission-factors-for-national-electricity-2024.xlsx,grounded,Extracted from Table3_EU_LC year column 2014
electricity_se_2015_lc,SE,Sweden,2015,CoM Table3 EU LC GHG,kg CO2e/kWh,0.0226676810045854,totalCarbonfootprintcalculation/CoM-Emission-factors-for-national-electricity-2024.xlsx,grounded,Extracted from Table3_EU_LC year column 2015
electricity_se_2016_lc,SE,Sweden,2016,CoM Table3 EU LC GHG,kg CO2e/kWh,0.0319621109973252,totalCarbonfootprintcalculation/CoM-Emission-factors-for-national-electricity-2024.xlsx,grounded,Extracted from Table3_EU_LC year column 2016
electricity_se_2017_lc,SE,Sweden,2017,CoM Table3 EU LC GHG,kg CO2e/kWh,0.026147887158385,totalCarbonfootprintcalculation/CoM-Emission-factors-for-national-electricity-2024.xlsx,grounded,Extracted from Table3_EU_LC year column 2017
electricity_se_2018_lc,SE,Sweden,2018,CoM Table3 EU LC GHG,kg CO2e/kWh,0.0300813763364462,totalCarbonfootprintcalculation/CoM-Emission-factors-for-national-electricity-2024.xlsx,grounded,Extracted from Table3_EU_LC year column 2018
electricity_se_2019_lc,SE,Sweden,2019,CoM Table3 EU LC GHG,kg CO2e/kWh,0.0274908864415033,totalCarbonfootprintcalculation/CoM-Emission-factors-for-national-electricity-2024.xlsx,grounded,Extracted from Table3_EU_LC year column 2019
electricity_se_2020_lc,SE,Sweden,2020,CoM Table3 EU LC GHG,kg CO2e/kWh,0.0242567613273078,totalCarbonfootprintcalculation/CoM-Emission-factors-for-national-electricity-2024.xlsx,grounded,Extracted from Table3_EU_LC year column 2020
electricity_se_2021_lc,SE,Sweden,2021,CoM Table3 EU LC GHG,kg CO2e/kWh,0.0269220252806994,totalCarbonfootprintcalculation/CoM-Emission-factors-for-national-electricity-2024.xlsx,grounded,Extracted from Table3_EU_LC year column 2021
electricity_is_1990_lc,IS,Iceland,1990,CoM Table3 EU LC GHG,kg CO2e/kWh,0.165729100028417,totalCarbonfootprintcalculation/CoM-Emission-factors-for-national-electricity-2024.xlsx,grounded,Extracted from Table3_EU_LC year column 1990
electricity_is_1991_lc,IS,Iceland,1991,CoM Table3 EU LC GHG,kg CO2e/kWh,0.147186194263928,totalCarbonfootprintcalculation/CoM-Emission-factors-for-national-electricity-2024.xlsx,grounded,Extracted from Table3_EU_LC year column 1991
electricity_is_1992_lc,IS,Iceland,1992,CoM Table3 EU LC GHG,kg CO2e/kWh,0.127164494155092,totalCarbonfootprintcalculation/CoM-Emission-factors-for-national-electricity-2024.xlsx,grounded,Extracted from Table3_EU_LC year column 1992
electricity_is_1993_lc,IS,Iceland,1993,CoM Table3 EU LC GHG,kg CO2e/kWh,0.141927618773473,totalCarbonfootprintcalculation/CoM-Emission-factors-for-national-electricity-2024.xlsx,grounded,Extracted from Table3_EU_LC year column 1993
electricity_is_1994_lc,IS,Iceland,1994,CoM Table3 EU LC GHG,kg CO2e/kWh,0.134899758762117,totalCarbonfootprintcalculation/CoM-Emission-factors-for-national-electricity-2024.xlsx,grounded,Extracted from Table3_EU_LC year column 1994
electricity_is_1995_lc,IS,Iceland,1995,CoM Table3 EU LC GHG,kg CO2e/kWh,0.137051105215099,totalCarbonfootprintcalculation/CoM-Emission-factors-for-national-electricity-2024.xlsx,grounded,Extracted from Table3_EU_LC year column 1995
electricity_is_1996_lc,IS,Iceland,1996,CoM Table3 EU LC GHG,kg CO2e/kWh,0.157974100041382,totalCarbonfootprintcalculation/CoM-Emission-factors-for-national-electricity-2024.xlsx,grounded,Extracted from Table3_EU_LC year column 1996
electricity_is_1997_lc,IS,Iceland,1997,CoM Table3 EU LC GHG,kg CO2e/kWh,0.1328204370166,totalCarbonfootprintcalculation/CoM-Emission-factors-for-national-electricity-2024.xlsx,grounded,Extracted from Table3_EU_LC year column 1997
electricity_is_1998_lc,IS,Iceland,1998,CoM Table3 EU LC GHG,kg CO2e/kWh,0.126126395887616,totalCarbonfootprintcalculation/CoM-Emission-factors-for-national-electricity-2024.xlsx,grounded,Extracted from Table3_EU_LC year column 1998
electricity_is_1999_lc,IS,Iceland,1999,CoM Table3 EU LC GHG,kg CO2e/kWh,0.152294720803523,totalCarbonfootprintcalculation/CoM-Emission-factors-for-national-electricity-2024.xlsx,grounded,Extracted from Table3_EU_LC year column 1999
electricity_is_2000_lc,IS,Iceland,2000,CoM Table3 EU LC GHG,kg CO2e/kWh,0.174055465698805,totalCarbonfootprintcalculation/CoM-Emission-factors-for-national-electricity-2024.xlsx,grounded,Extracted from Table3_EU_LC year column 2000
electricity_is_2001_lc,IS,Iceland,2001,CoM Table3 EU LC GHG,kg CO2e/kWh,0.152037579450915,totalCarbonfootprintcalculation/CoM-Emission-factors-for-national-electricity-2024.xlsx,grounded,Extracted from Table3_EU_LC year column 2001
electricity_is_2002_lc,IS,Iceland,2002,CoM Table3 EU LC GHG,kg CO2e/kWh,0.152935057146223,totalCarbonfootprintcalculation/CoM-Emission-factors-for-national-electricity-2024.xlsx,grounded,Extracted from Table3_EU_LC year column 2002
electricity_is_2003_lc,IS,Iceland,2003,CoM Table3 EU LC GHG,kg CO2e/kWh,0.152607387025003,totalCarbonfootprintcalculation/CoM-Emission-factors-for-national-electricity-2024.xlsx,grounded,Extracted from Table3_EU_LC year column 2003
electricity_is_2004_lc,IS,Iceland,2004,CoM Table3 EU LC GHG,kg CO2e/kWh,0.142124379939862,totalCarbonfootprintcalculation/CoM-Emission-factors-for-national-electricity-2024.xlsx,grounded,Extracted from Table3_EU_LC year column 2004
electricity_is_2005_lc,IS,Iceland,2005,CoM Table3 EU LC GHG,kg CO2e/kWh,0.143031520779017,totalCarbonfootprintcalculation/CoM-Emission-factors-for-national-electricity-2024.xlsx,grounded,Extracted from Table3_EU_LC year column 2005
electricity_is_2006_lc,IS,Iceland,2006,CoM Table3 EU LC GHG,kg CO2e/kWh,0.196288568620187,totalCarbonfootprintcalculation/CoM-Emission-factors-for-national-electricity-2024.xlsx,grounded,Extracted from Table3_EU_LC year column 2006
electricity_is_2007_lc,IS,Iceland,2007,CoM Table3 EU LC GHG,kg CO2e/kWh,0.212645474207442,totalCarbonfootprintcalculation/CoM-Emission-factors-for-national-electricity-2024.xlsx,grounded,Extracted from Table3_EU_LC year column 2007
electricity_is_2008_lc,IS,Iceland,2008,CoM Table3 EU LC GHG,kg CO2e/kWh,0.167098395329848,totalCarbonfootprintcalculation/CoM-Emission-factors-for-national-electricity-2024.xlsx,grounded,Extracted from Table3_EU_LC year column 2008
electricity_is_2009_lc,IS,Iceland,2009,CoM Table3 EU LC GHG,kg CO2e/kWh,0.177826811319014,totalCarbonfootprintcalculation/CoM-Emission-factors-for-national-electricity-2024.xlsx,grounded,Extracted from Table3_EU_LC year column 2009
electricity_is_2010_lc,IS,Iceland,2010,CoM Table3 EU LC GHG,kg CO2e/kWh,0.178622301634798,totalCarbonfootprintcalculation/CoM-Emission-factors-for-national-electricity-2024.xlsx,grounded,Extracted from Table3_EU_LC year column 2010
electricity_is_2011_lc,IS,Iceland,2011,CoM Table3 EU LC GHG,kg CO2e/kWh,0.199449028655701,totalCarbonfootprintcalculation/CoM-Emission-factors-for-national-electricity-2024.xlsx,grounded,Extracted from Table3_EU_LC year column 2011
electricity_is_2012_lc,IS,Iceland,2012,CoM Table3 EU LC GHG,kg CO2e/kWh,0.187032171085434,totalCarbonfootprintcalculation/CoM-Emission-factors-for-national-electricity-2024.xlsx,grounded,Extracted from Table3_EU_LC year column 2012
electricity_is_2013_lc,IS,Iceland,2013,CoM Table3 EU LC GHG,kg CO2e/kWh,0.19088810245233,totalCarbonfootprintcalculation/CoM-Emission-factors-for-national-electricity-2024.xlsx,grounded,Extracted from Table3_EU_LC year column 2013
electricity_is_2014_lc,IS,Iceland,2014,CoM Table3 EU LC GHG,kg CO2e/kWh,0.189601836535287,totalCarbonfootprintcalculation/CoM-Emission-factors-for-national-electricity-2024.xlsx,grounded,Extracted from Table3_EU_LC year column 2014
electricity_is_2015_lc,IS,Iceland,2015,CoM Table3 EU LC GHG,kg CO2e/kWh,0.159190604496597,totalCarbonfootprintcalculation/CoM-Emission-factors-for-national-electricity-2024.xlsx,grounded,Extracted from Table3_EU_LC year column 2015
electricity_is_2016_lc,IS,Iceland,2016,CoM Table3 EU LC GHG,kg CO2e/kWh,0.134095857365774,totalCarbonfootprintcalculation/CoM-Emission-factors-for-national-electricity-2024.xlsx,grounded,Extracted from Table3_EU_LC year column 2016
electricity_is_2017_lc,IS,Iceland,2017,CoM Table3 EU LC GHG,kg CO2e/kWh,0.150491673865368,totalCarbonfootprintcalculation/CoM-Emission-factors-for-national-electricity-2024.xlsx,grounded,Extracted from Table3_EU_LC year column 2017
electricity_is_2018_lc,IS,Iceland,2018,CoM Table3 EU LC GHG,kg CO2e/kWh,0.170150903673675,totalCarbonfootprintcalculation/CoM-Emission-factors-for-national-electricity-2024.xlsx,grounded,Extracted from Table3_EU_LC year column 2018
electricity_is_2019_lc,IS,Iceland,2019,CoM Table3 EU LC GHG,kg CO2e/kWh,0.170165383470737,totalCarbonfootprintcalculation/CoM-Emission-factors-for-national-electricity-2024.xlsx,grounded,Extracted from Table3_EU_LC year column 2019
electricity_is_2020_lc,IS,Iceland,2020,CoM Table3 EU LC GHG,kg CO2e/kWh,0.168916388287079,totalCarbonfootprintcalculation/CoM-Emission-factors-for-national-electricity-2024.xlsx,grounded,Extracted from Table3_EU_LC year column 2020
electricity_is_2021_lc,IS,Iceland,2021,CoM Table3 EU LC GHG,kg CO2e/kWh,0.152855429203249,totalCarbonfootprintcalculation/CoM-Emission-factors-for-national-electricity-2024.xlsx,grounded,Extracted from Table3_EU_LC year column 2021
electricity_no_1990_lc,NO,Norway,1990,CoM Table3 EU LC GHG,kg CO2e/kWh,0.00571946060459813,totalCarbonfootprintcalculation/CoM-Emission-factors-for-national-electricity-2024.xlsx,grounded,Extracted from Table3_EU_LC year column 1990
electricity_no_1991_lc,NO,Norway,1991,CoM Table3 EU LC GHG,kg CO2e/kWh,0.00760450215326747,totalCarbonfootprintcalculation/CoM-Emission-factors-for-national-electricity-2024.xlsx,grounded,Extracted from Table3_EU_LC year column 1991
electricity_no_1992_lc,NO,Norway,1992,CoM Table3 EU LC GHG,kg CO2e/kWh,0.00594095386121065,totalCarbonfootprintcalculation/CoM-Emission-factors-for-national-electricity-2024.xlsx,grounded,Extracted from Table3_EU_LC year column 1992
electricity_no_1993_lc,NO,Norway,1993,CoM Table3 EU LC GHG,kg CO2e/kWh,0.00727236698068823,totalCarbonfootprintcalculation/CoM-Emission-factors-for-national-electricity-2024.xlsx,grounded,Extracted from Table3_EU_LC year column 1993
electricity_no_1994_lc,NO,Norway,1994,CoM Table3 EU LC GHG,kg CO2e/kWh,0.0226692386438693,totalCarbonfootprintcalculation/CoM-Emission-factors-for-national-electricity-2024.xlsx,grounded,Extracted from Table3_EU_LC year column 1994
electricity_no_1995_lc,NO,Norway,1995,CoM Table3 EU LC GHG,kg CO2e/kWh,0.00973720289650736,totalCarbonfootprintcalculation/CoM-Emission-factors-for-national-electricity-2024.xlsx,grounded,Extracted from Table3_EU_LC year column 1995
electricity_no_1996_lc,NO,Norway,1996,CoM Table3 EU LC GHG,kg CO2e/kWh,0.0445329236958441,totalCarbonfootprintcalculation/CoM-Emission-factors-for-national-electricity-2024.xlsx,grounded,Extracted from Table3_EU_LC year column 1996
electricity_no_1997_lc,NO,Norway,1997,CoM Table3 EU LC GHG,kg CO2e/kWh,0.0188402346620384,totalCarbonfootprintcalculation/CoM-Emission-factors-for-national-electricity-2024.xlsx,grounded,Extracted from Table3_EU_LC year column 1997
electricity_no_1998_lc,NO,Norway,1998,CoM Table3 EU LC GHG,kg CO2e/kWh,0.00996707049159785,totalCarbonfootprintcalculation/CoM-Emission-factors-for-national-electricity-2024.xlsx,grounded,Extracted from Table3_EU_LC year column 1998
electricity_no_1999_lc,NO,Norway,1999,CoM Table3 EU LC GHG,kg CO2e/kWh,0.0109056940137029,totalCarbonfootprintcalculation/CoM-Emission-factors-for-national-electricity-2024.xlsx,grounded,Extracted from Table3_EU_LC year column 1999
electricity_no_2000_lc,NO,Norway,2000,CoM Table3 EU LC GHG,kg CO2e/kWh,0.00722613329250336,totalCarbonfootprintcalculation/CoM-Emission-factors-for-national-electricity-2024.xlsx,grounded,Extracted from Table3_EU_LC year column 2000
electricity_no_2001_lc,NO,Norway,2001,CoM Table3 EU LC GHG,kg CO2e/kWh,0.0219719341448654,totalCarbonfootprintcalculation/CoM-Emission-factors-for-national-electricity-2024.xlsx,grounded,Extracted from Table3_EU_LC year column 2001
electricity_no_2002_lc,NO,Norway,2002,CoM Table3 EU LC GHG,kg CO2e/kWh,0.0182037341504307,totalCarbonfootprintcalculation/CoM-Emission-factors-for-national-electricity-2024.xlsx,grounded,Extracted from Table3_EU_LC year column 2002
electricity_no_2003_lc,NO,Norway,2003,CoM Table3 EU LC GHG,kg CO2e/kWh,0.0343696866617202,totalCarbonfootprintcalculation/CoM-Emission-factors-for-national-electricity-2024.xlsx,grounded,Extracted from Table3_EU_LC year column 2003
electricity_no_2004_lc,NO,Norway,2004,CoM Table3 EU LC GHG,kg CO2e/kWh,0.0266323657725286,totalCarbonfootprintcalculation/CoM-Emission-factors-for-national-electricity-2024.xlsx,grounded,Extracted from Table3_EU_LC year column 2004
electricity_no_2005_lc,NO,Norway,2005,CoM Table3 EU LC GHG,kg CO2e/kWh,0.00989581158112594,totalCarbonfootprintcalculation/CoM-Emission-factors-for-national-electricity-2024.xlsx,grounded,Extracted from Table3_EU_LC year column 2005
electricity_no_2006_lc,NO,Norway,2006,CoM Table3 EU LC GHG,kg CO2e/kWh,0.0211209890138945,totalCarbonfootprintcalculation/CoM-Emission-factors-for-national-electricity-2024.xlsx,grounded,Extracted from Table3_EU_LC year column 2006
electricity_no_2007_lc,NO,Norway,2007,CoM Table3 EU LC GHG,kg CO2e/kWh,0.0151735237711436,totalCarbonfootprintcalculation/CoM-Emission-factors-for-national-electricity-2024.xlsx,grounded,Extracted from Table3_EU_LC year column 2007
electricity_no_2008_lc,NO,Norway,2008,CoM Table3 EU LC GHG,kg CO2e/kWh,0.0116925262286259,totalCarbonfootprintcalculation/CoM-Emission-factors-for-national-electricity-2024.xlsx,grounded,Extracted from Table3_EU_LC year column 2008
electricity_no_2009_lc,NO,Norway,2009,CoM Table3 EU LC GHG,kg CO2e/kWh,0.0324853361051399,totalCarbonfootprintcalculation/CoM-Emission-factors-for-national-electricity-2024.xlsx,grounded,Extracted from Table3_EU_LC year column 2009
electricity_no_2010_lc,NO,Norway,2010,CoM Table3 EU LC GHG,kg CO2e/kWh,0.0508309497236683,totalCarbonfootprintcalculation/CoM-Emission-factors-for-national-electricity-2024.xlsx,grounded,Extracted from Table3_EU_LC year column 2010
electricity_no_2011_lc,NO,Norway,2011,CoM Table3 EU LC GHG,kg CO2e/kWh,0.0384881706759245,totalCarbonfootprintcalculation/CoM-Emission-factors-for-national-electricity-2024.xlsx,grounded,Extracted from Table3_EU_LC year column 2011
electricity_no_2012_lc,NO,Norway,2012,CoM Table3 EU LC GHG,kg CO2e/kWh,0.0202253251305757,totalCarbonfootprintcalculation/CoM-Emission-factors-for-national-electricity-2024.xlsx,grounded,Extracted from Table3_EU_LC year column 2012
electricity_no_2013_lc,NO,Norway,2013,CoM Table3 EU LC GHG,kg CO2e/kWh,0.0286090805714551,totalCarbonfootprintcalculation/CoM-Emission-factors-for-national-electricity-2024.xlsx,grounded,Extracted from Table3_EU_LC year column 2013
electricity_no_2014_lc,NO,Norway,2014,CoM Table3 EU LC GHG,kg CO2e/kWh,0.0232810517330032,totalCarbonfootprintcalculation/CoM-Emission-factors-for-national-electricity-2024.xlsx,grounded,Extracted from Table3_EU_LC year column 2014
electricity_no_2015_lc,NO,Norway,2015,CoM Table3 EU LC GHG,kg CO2e/kWh,0.0225139464295121,totalCarbonfootprintcalculation/CoM-Emission-factors-for-national-electricity-2024.xlsx,grounded,Extracted from Table3_EU_LC year column 2015
electricity_no_2016_lc,NO,Norway,2016,CoM Table3 EU LC GHG,kg CO2e/kWh,0.0235514956128457,totalCarbonfootprintcalculation/CoM-Emission-factors-for-national-electricity-2024.xlsx,grounded,Extracted from Table3_EU_LC year column 2016
electricity_no_2017_lc,NO,Norway,2017,CoM Table3 EU LC GHG,kg CO2e/kWh,0.0235880180064635,totalCarbonfootprintcalculation/CoM-Emission-factors-for-national-electricity-2024.xlsx,grounded,Extracted from Table3_EU_LC year column 2017
electricity_no_2018_lc,NO,Norway,2018,CoM Table3 EU LC GHG,kg CO2e/kWh,0.0251429474632823,totalCarbonfootprintcalculation/CoM-Emission-factors-for-national-electricity-2024.xlsx,grounded,Extracted from Table3_EU_LC year column 2018
electricity_no_2019_lc,NO,Norway,2019,CoM Table3 EU LC GHG,kg CO2e/kWh,0.0284925415693403,totalCarbonfootprintcalculation/CoM-Emission-factors-for-national-electricity-2024.xlsx,grounded,Extracted from Table3_EU_LC year column 2019
electricity_no_2020_lc,NO,Norway,2020,CoM Table3 EU LC GHG,kg CO2e/kWh,0.0171995974390481,totalCarbonfootprintcalculation/CoM-Emission-factors-for-national-electricity-2024.xlsx,grounded,Extracted from Table3_EU_LC year column 2020
electricity_no_2021_lc,NO,Norway,2021,CoM Table3 EU LC GHG,kg CO2e/kWh,0.0218462537393706,totalCarbonfootprintcalculation/CoM-Emission-factors-for-national-electricity-2024.xlsx,grounded,Extracted from Table3_EU_LC year column 2021
electricity_uk_1990_lc,UK,United Kingdom,1990,CoM Table3 EU LC GHG,kg CO2e/kWh,0.934299655976352,totalCarbonfootprintcalculation/CoM-Emission-factors-for-national-electricity-2024.xlsx,grounded,Extracted from Table3_EU_LC year column 1990
electricity_uk_1991_lc,UK,United Kingdom,1991,CoM Table3 EU LC GHG,kg CO2e/kWh,0.903722325742208,totalCarbonfootprintcalculation/CoM-Emission-factors-for-national-electricity-2024.xlsx,grounded,Extracted from Table3_EU_LC year column 1991
electricity_uk_1992_lc,UK,United Kingdom,1992,CoM Table3 EU LC GHG,kg CO2e/kWh,0.879828975723595,totalCarbonfootprintcalculation/CoM-Emission-factors-for-national-electricity-2024.xlsx,grounded,Extracted from Table3_EU_LC year column 1992
electricity_uk_1993_lc,UK,United Kingdom,1993,CoM Table3 EU LC GHG,kg CO2e/kWh,0.772708344138781,totalCarbonfootprintcalculation/CoM-Emission-factors-for-national-electricity-2024.xlsx,grounded,Extracted from Table3_EU_LC year column 1993
electricity_uk_1994_lc,UK,United Kingdom,1994,CoM Table3 EU LC GHG,kg CO2e/kWh,0.747032738164813,totalCarbonfootprintcalculation/CoM-Emission-factors-for-national-electricity-2024.xlsx,grounded,Extracted from Table3_EU_LC year column 1994
electricity_uk_1995_lc,UK,United Kingdom,1995,CoM Table3 EU LC GHG,kg CO2e/kWh,0.748975718700849,totalCarbonfootprintcalculation/CoM-Emission-factors-for-national-electricity-2024.xlsx,grounded,Extracted from Table3_EU_LC year column 1995
electricity_uk_1996_lc,UK,United Kingdom,1996,CoM Table3 EU LC GHG,kg CO2e/kWh,0.717973944782595,totalCarbonfootprintcalculation/CoM-Emission-factors-for-national-electricity-2024.xlsx,grounded,Extracted from Table3_EU_LC year column 1996
electricity_uk_1997_lc,UK,United Kingdom,1997,CoM Table3 EU LC GHG,kg CO2e/kWh,0.664260770533135,totalCarbonfootprintcalculation/CoM-Emission-factors-for-national-electricity-2024.xlsx,grounded,Extracted from Table3_EU_LC year column 1997
electricity_uk_1998_lc,UK,United Kingdom,1998,CoM Table3 EU LC GHG,kg CO2e/kWh,0.665928161699554,totalCarbonfootprintcalculation/CoM-Emission-factors-for-national-electricity-2024.xlsx,grounded,Extracted from Table3_EU_LC year column 1998
electricity_uk_1999_lc,UK,United Kingdom,1999,CoM Table3 EU LC GHG,kg CO2e/kWh,0.622696471299121,totalCarbonfootprintcalculation/CoM-Emission-factors-for-national-electricity-2024.xlsx,grounded,Extracted from Table3_EU_LC year column 1999
electricity_uk_2000_lc,UK,United Kingdom,2000,CoM Table3 EU LC GHG,kg CO2e/kWh,0.666246973460654,totalCarbonfootprintcalculation/CoM-Emission-factors-for-national-electricity-2024.xlsx,grounded,Extracted from Table3_EU_LC year column 2000
electricity_uk_2001_lc,UK,United Kingdom,2001,CoM Table3 EU LC GHG,kg CO2e/kWh,0.686015484292131,totalCarbonfootprintcalculation/CoM-Emission-factors-for-national-electricity-2024.xlsx,grounded,Extracted from Table3_EU_LC year column 2001
electricity_uk_2002_lc,UK,United Kingdom,2002,CoM Table3 EU LC GHG,kg CO2e/kWh,0.683204533141349,totalCarbonfootprintcalculation/CoM-Emission-factors-for-national-electricity-2024.xlsx,grounded,Extracted from Table3_EU_LC year column 2002
electricity_uk_2003_lc,UK,United Kingdom,2003,CoM Table3 EU LC GHG,kg CO2e/kWh,0.721212288384153,totalCarbonfootprintcalculation/CoM-Emission-factors-for-national-electricity-2024.xlsx,grounded,Extracted from Table3_EU_LC year column 2003
electricity_uk_2004_lc,UK,United Kingdom,2004,CoM Table3 EU LC GHG,kg CO2e/kWh,0.690831228132693,totalCarbonfootprintcalculation/CoM-Emission-factors-for-national-electricity-2024.xlsx,grounded,Extracted from Table3_EU_LC year column 2004
electricity_uk_2005_lc,UK,United Kingdom,2005,CoM Table3 EU LC GHG,kg CO2e/kWh,0.677579015143334,totalCarbonfootprintcalculation/CoM-Emission-factors-for-national-electricity-2024.xlsx,grounded,Extracted from Table3_EU_LC year column 2005
electricity_uk_2006_lc,UK,United Kingdom,2006,CoM Table3 EU LC GHG,kg CO2e/kWh,0.711650815248325,totalCarbonfootprintcalculation/CoM-Emission-factors-for-national-electricity-2024.xlsx,grounded,Extracted from Table3_EU_LC year column 2006
electricity_uk_2007_lc,UK,United Kingdom,2007,CoM Table3 EU LC GHG,kg CO2e/kWh,0.709050272079132,totalCarbonfootprintcalculation/CoM-Emission-factors-for-national-electricity-2024.xlsx,grounded,Extracted from Table3_EU_LC year column 2007
electricity_uk_2008_lc,UK,United Kingdom,2008,CoM Table3 EU LC GHG,kg CO2e/kWh,0.690886347415713,totalCarbonfootprintcalculation/CoM-Emission-factors-for-national-electricity-2024.xlsx,grounded,Extracted from Table3_EU_LC year column 2008
electricity_uk_2009_lc,UK,United Kingdom,2009,CoM Table3 EU LC GHG,kg CO2e/kWh,0.640947885936649,totalCarbonfootprintcalculation/CoM-Emission-factors-for-national-electricity-2024.xlsx,grounded,Extracted from Table3_EU_LC year column 2009
electricity_uk_2010_lc,UK,United Kingdom,2010,CoM Table3 EU LC GHG,kg CO2e/kWh,0.640190818682164,totalCarbonfootprintcalculation/CoM-Emission-factors-for-national-electricity-2024.xlsx,grounded,Extracted from Table3_EU_LC year column 2010
electricity_uk_2011_lc,UK,United Kingdom,2011,CoM Table3 EU LC GHG,kg CO2e/kWh,0.627060831119356,totalCarbonfootprintcalculation/CoM-Emission-factors-for-national-electricity-2024.xlsx,grounded,Extracted from Table3_EU_LC year column 2011
electricity_uk_2012_lc,UK,United Kingdom,2012,CoM Table3 EU LC GHG,kg CO2e/kWh,0.683672402127272,totalCarbonfootprintcalculation/CoM-Emission-factors-for-national-electricity-2024.xlsx,grounded,Extracted from Table3_EU_LC year column 2012
electricity_uk_2013_lc,UK,United Kingdom,2013,CoM Table3 EU LC GHG,kg CO2e/kWh,0.637793472259205,totalCarbonfootprintcalculation/CoM-Emission-factors-for-national-electricity-2024.xlsx,grounded,Extracted from Table3_EU_LC year column 2013
electricity_uk_2014_lc,UK,United Kingdom,2014,CoM Table3 EU LC GHG,kg CO2e/kWh,0.578042350049412,totalCarbonfootprintcalculation/CoM-Emission-factors-for-national-electricity-2024.xlsx,grounded,Extracted from Table3_EU_LC year column 2014
electricity_uk_2015_lc,UK,United Kingdom,2015,CoM Table3 EU LC GHG,kg CO2e/kWh,0.498509116504223,totalCarbonfootprintcalculation/CoM-Emission-factors-for-national-electricity-2024.xlsx,grounded,Extracted from Table3_EU_LC year column 2015
electricity_uk_2016_lc,UK,United Kingdom,2016,CoM Table3 EU LC GHG,kg CO2e/kWh,0.408913171295588,totalCarbonfootprintcalculation/CoM-Emission-factors-for-national-electricity-2024.xlsx,grounded,Extracted from Table3_EU_LC year column 2016
electricity_uk_2017_lc,UK,United Kingdom,2017,CoM Table3 EU LC GHG,kg CO2e/kWh,0.36741812130076,totalCarbonfootprintcalculation/CoM-Emission-factors-for-national-electricity-2024.xlsx,grounded,Extracted from Table3_EU_LC year column 2017
electricity_uk_2018_lc,UK,United Kingdom,2018,CoM Table3 EU LC GHG,kg CO2e/kWh,0.339960686242881,totalCarbonfootprintcalculation/CoM-Emission-factors-for-national-electricity-2024.xlsx,grounded,Extracted from Table3_EU_LC year column 2018
electricity_uk_2019_lc,UK,United Kingdom,2019,CoM Table3 EU LC GHG,kg CO2e/kWh,0.314659821970924,totalCarbonfootprintcalculation/CoM-Emission-factors-for-national-electricity-2024.xlsx,grounded,Extracted from Table3_EU_LC year column 2019
