mode,accuracy
ADAPTIVERAG,0.17868504772004243
BASE,0.005832449628844115
MEM,0.17868504772004243
MEMSYM,0.1792152704135737
RL,0.12142099681866383
ROUTER,0.17868504772004243
SYM,0.0042417815482502655
